Year,Dept/Unit Number,Bilingual_N,Bilingual_P,Free_Lunch_N,Free_Lunch_P,IEP_N,IEP_P,Job Title_Career Counseling Manager,Job Title_Chief Safety & Security OFF,Job Title_Director of Counseling,"Job Title_Director, School Counseling & Post Secondary Advising",Job Title_Flex Team Security Officer,Job Title_Guidance Counselor Assistant,Job Title_HS Counseling Specialist,Job Title_K‚Äê8 Counseling Specialist,Job Title_Manager-Secdry Schl Counselng,Job Title_Safety And Security Off,Job Title_School Counselor,Job Title_School Security Officer,Job Title_Senior School Security Officer,Job Title_Senior Security Officer,Notes,School,School ID,Total,Total Counseling,Total Counseling_Filled,Total Security,Total Security_Filled,Unit_2,Unit_Number,pos_name_0
2009,53011,,,,,,,0,0,0,0,0,0,0,0,0,0,0,11,0,0,,,609674,,0,0,11,11,1010,53011,CHICAGO VOCATIONAL HS
2009,53021,,,,,,,0,0,0,0,0,4,0,0,0,0,0,7,0,0,,,609676,,4,3,7,7,1030,53021,DUNBAR HS
2009,53041,,,,,,,0,0,0,0,0,12,0,0,0,0,0,7,0,0,,,609679,,12,12,7,7,1070,53041,PROSSER HS
2009,70020,,,,,,,0,0,0,0,0,0,0,0,0,0,0,5,0,0,,,609680,,0,0,5,5,1090,70020,PAYTON HS
2009,53051,,,,,,,0,0,0,0,0,2,0,0,0,1,0,2,0,0,,,609682,,2,2,3,3,1110,53051,RICHARDS HS
2009,67021,,,,,,,0,0,0,0,0,0,0,0,0,0,0,2,0,0,Alt name is Peace and Educ Coalition depending on year,,610387,,0,0,2,2,1123,67021,SECOND CHANCE ALT HS
2009,53061,,,,,,,0,0,0,0,0,3,0,0,0,0,0,5,0,0,,,609692,,3,3,5,5,1150,53061,SIMEON HS
2009,46031,,,,,,,0,0,0,0,0,3,0,0,0,0,0,5,0,0,,,609695,,3,3,5,5,1210,46031,AMUNDSEN HS
2009,46041,,,,,,,0,0,0,0,0,4,0,0,0,0,0,13,0,0,,,609698,,4,4,13,13,1230,46041,BOGAN HS
2009,46081,,,,,,,0,0,0,0,0,0,0,0,0,0,0,9,0,0,,,609702,,0,0,9,9,1270,46081,CRANE HS
2009,53091,,,,,,,0,0,0,0,0,1,0,0,0,0,0,13,0,0,,,609704,,1,1,13,13,1300,53091,FARRAGUT HS
2009,50191,,,,,,,0,0,0,0,0,1,0,0,0,0,0,2,0,0,,,609705,,1,1,2,2,1310,50191,FENGER HS
2009,46131,,,,,,,0,0,0,0,0,4,0,0,0,0,0,5,0,0,,,609708,,4,4,5,5,1330,46131,FOREMAN HS
2009,51021,,,,,,,0,0,0,0,0,1,0,0,0,0,0,11,0,0,,,609710,,1,1,11,11,1350,51021,HARLAN HS
2009,47031,,,,,,,0,0,0,0,0,0,0,0,0,0,0,9,0,0,,,609712,,0,0,9,9,1380,47031,HIRSCH HS
2009,46221,,,,,,,0,0,0,0,0,1,0,0,0,0,0,18,0,0,,,609720,,1,1,18,18,1440,46221,LANE TECH HS
2009,53111,,,,,,,0,0,0,0,0,2,0,0,0,0,0,11,0,0,,,609722,,2,2,11,10,1460,53111,MANLEY HS
2009,47041,,,,,,,0,0,0,0,0,1,0,0,0,0,0,11,0,0,,,609723,,1,1,11,11,1470,47041,MARSHALL HS
2009,46241,,,,,,,0,0,0,0,0,1,0,0,0,0,0,7,0,0,,,609724,,1,1,7,7,1480,46241,MATHER HS
2009,46271,,,,,,,0,0,0,0,0,1,0,0,0,0,0,8,0,0,,,609728,,1,1,8,8,1520,46271,ROOSEVELT HS
2009,47061,,,,,,,0,0,0,0,0,1,0,0,0,0,0,4,0,0,,,609730,,1,1,4,4,1540,47061,SENN HS
2009,46291,,,,,,,0,0,0,0,0,1,0,0,0,0,0,13,0,0,,,609732,,1,1,13,12,1560,46291,STEINMETZ HS
2009,46301,,,,,,,0,0,0,0,0,1,0,0,0,0,0,4,0,0,,,609733,,1,1,4,4,1570,46301,SULLIVAN HS
2009,51071,,,,,,,0,0,0,0,0,0,0,0,0,0,0,7,0,0,,,609734,,0,0,7,7,1580,51071,TAFT HS
2009,53121,,,,,,,0,0,0,0,0,1,0,0,0,0,0,16,0,0,,,609735,,1,1,16,15,1590,53121,TILDEN HS
2009,47081,,,,,,,0,0,0,0,0,0,0,0,0,0,0,5,0,0,Not sure,,609737,,0,0,5,5,1610,47081,VON STEUBEN HS
2009,46331,,,,,,,0,0,0,0,0,1,0,0,0,0,0,3,0,0,,,609739,,1,1,3,2,1630,46331,WASHINGTON HS
2009,51071,,,,,,,0,0,0,0,0,0,0,0,0,0,0,7,0,0,,,609740,,0,0,7,7,1640,51071,WELLS HS
2009,46341,,,,,,,0,0,0,0,0,0,0,0,0,0,0,11,0,0,,,609741,,0,0,11,11,1670,46341,HUBBARD HS
2009,49031,,,,,,,0,0,0,0,0,0,0,0,0,0,0,2,0,0,,,609745,,0,0,2,1,1700,49031,SOUTHSIDE HS
2009,47091,,,,,,,0,0,0,0,0,0,0,0,0,0,0,1,0,0,,,609753,,0,0,1,1,1790,47091,CHICAGO AGRICULTURE HS
2009,70070,,,,,,,0,0,0,0,0,0,0,0,0,0,0,3,0,0,,,609754,,0,0,3,3,1800,70070,CHICAGO MILITARY HS
2009,53101,,,,,,,0,0,0,0,0,5,0,0,0,0,0,4,0,0,,,609756,,5,5,4,4,1820,53101,CURIE HS
2009,51091,,,,,,,0,0,0,0,0,0,0,0,0,0,0,3,0,0,,,609759,,0,0,3,3,1840,51091,CLEMENTE HS
2009,46391,,,,,,,0,0,0,0,0,1,0,0,0,0,0,7,0,0,,,609761,,1,1,7,6,1860,46391,CORLISS HS
2009,49071,,,,,,,0,0,0,0,0,0,0,0,0,0,0,1,0,0,,,609765,,0,0,1,1,1910,49071,LAS CASAS HS
2009,26861,,,,,,,0,0,0,0,0,1,0,0,0,0,0,1,0,0,,,610394,,1,1,1,1,2210,26861,UPLIFT HS
2009,66112,,,,,,,0,0,0,0,0,0,0,0,0,0,0,1,0,0,Chtr,,400077,,0,0,1,1,3061,66112,U OF C - WOODLAWN HS
2009,31121,,,,,,,0,0,0,0,0,0,0,0,0,0,0,1,0,0,,,609987,,0,0,1,1,3930,31121,HENDRICKS
2009,24101,,,,,,,0,0,0,0,0,0,0,0,0,0,0,2,0,0,,,610029,,0,0,2,2,4380,24101,LOZANO
2009,52011,,,,,,,0,0,0,0,0,0,0,0,0,0,0,2,0,0,,,610392,,0,0,2,2,4460,52011,WORLD LANGUAGE HS
2009,24381,,,,,,,0,0,0,0,0,0,0,0,0,0,0,1,0,0,,,610535,,0,0,1,1,4650,24381,MASON HS
2009,25151,,,,,,,0,0,0,0,0,3,0,0,0,0,0,2,0,0,,,610148,,3,1,2,2,5640,25151,CHAVEZ
2009,25301,,,,,,,0,0,0,0,0,0,0,0,0,0,0,1,0,0,,,610167,,0,0,1,1,5820,25301,SEWARD
2009,47101,,,,,,,0,0,0,0,0,1,0,0,0,0,0,3,0,0,,,609755,,1,1,3,3,6520,47101,YOUNG HS
2009,41051,,,,,,,0,0,0,0,0,0,0,0,0,0,0,8,0,0,,,610244,,0,0,8,8,6620,41051,CLARK HS
2009,41061,,,,,,,0,0,0,0,0,0,0,0,0,0,0,4,0,0,,,610245,,0,0,4,4,6630,41061,DOUGLASS HS
2009,46511,,,,,,,0,0,0,0,0,1,0,0,0,0,0,5,0,0,,,609721,,1,1,5,5,7110,46511,LINDBLOM COLL PREP H
2009,46511,,,,,,,0,0,0,0,0,1,0,0,0,0,0,5,0,0,,,610391,,1,1,5,5,7110,46511,LINDBLOM HS
2009,45221,,,,,,,0,0,0,0,0,0,0,0,0,0,0,1,0,0,,,610390,,0,0,1,1,7140,45221,RICKOVER MILITARY HS
2009,55091,,,,,,,0,0,0,0,0,1,0,0,0,0,0,2,0,0,Combined with school of arts in 2012 to school of leadership,,610296,,1,1,2,2,7220,55091,SCHOOL OF TECH HS
2009,55081,,,,,,,0,0,0,0,0,1,0,0,0,0,0,1,0,0,,,610297,,1,1,1,1,7230,55081,SCHOOL OF LEADRSHP HS
2009,50111,,,,,,,0,0,0,0,0,0,0,0,0,0,0,1,0,0,,,610374,,0,0,1,1,7570,50111,ROBESON AA HS
2009,55171,,,,,,,0,0,0,0,0,0,0,0,0,0,0,2,0,0,,,610383,,0,0,2,2,7600,55171,SOCIAL JUSTICE HS
2009,55181,,,,,,,0,0,0,0,0,0,0,0,0,0,0,2,0,0,,,610385,,0,0,2,2,7630,55181,MULTICULTURAL HS
2009,47061,,,,,,,0,0,0,0,0,1,0,0,0,0,0,4,0,0,,,610377,,1,1,4,4,7650,47061,SENN AA HS
2009,50161,,,,,,,0,0,0,0,0,1,0,0,0,0,0,4,0,0,,,610378,,1,1,4,4,7660,50161,CRANE AA
2009,55151,,,,,,,0,0,0,0,0,0,0,0,0,0,0,2,0,0,,,610384,,0,0,2,2,7680,55151,INFINITY HS
2009,46481,,,,,,,0,0,0,0,0,0,0,0,0,0,0,3,0,0,,,610340,,0,0,3,3,7770,46481,CHICAGO ACADEMY HS
2009,50181,,,,,,,0,0,0,0,0,0,0,0,0,0,0,1,0,0,,,609743,,0,0,1,0,7960,50181,PHILLIPS AA HS
2009,50191,,,,,,,0,0,0,0,0,1,0,0,0,0,0,2,0,0,,,609706,,1,1,2,2,7970,50191,FENGER AA HS
2009,51091,,,,,,,0,0,0,0,0,0,0,0,0,0,0,3,0,0,,,610401,,0,0,3,3,7980,51091,CLEMENTE AA HS
2009,55141,,,,,,,0,0,0,0,0,0,0,0,0,0,0,1,0,0,Close 10,,610301,,0,0,1,0,,55141,BIG PICTURE BACK OF
2009,53011,,,,,,,0,0,0,0,0,0,0,0,0,0,0,11,0,0,,,609675,,0,0,11,11,,53011,CHICAGO AA HS
2010,53011,2,0.001390820584145,1393,0.968706536856745,302,0.210013908205841,0,0,0,0,0,1,0,0,0,0,0,13,0,0,,Chicago Voc HS,609674,1438,1,1,13,13,1010,53011,CHICAGO VOCATIONAL HS
2010,53021,7,0.004342431761787,1501,0.931141439205955,156,0.096774193548387,0,0,0,0,0,0,0,0,0,0,0,9,0,0,,Dunbar Voc HS,609676,1612,0,0,9,9,1030,53021,DUNBAR HS
2010,45231,1,0.007936507936508,110,0.873015873015873,7,0.055555555555556,0,0,0,0,0,0,0,0,0,0,0,1,0,0,,Air Force Acad HS,610513,126,0,0,1,1,1055,45231,AIR FORCE HS
2010,47021,17,0.020556227327691,454,0.548972188633616,91,0.110036275695284,0,0,0,0,0,0,0,0,0,0,0,1,0,0,,Jones CPHS,609678,827,0,0,1,1,1060,47021,JONES HS
2010,49141,,,304,0.921212121212121,61,0.184848484848485,0,0,0,0,0,0,0,0,0,0,0,1,0,0,Prev Austin Polytechnical,Austin Polytech HS,610518,330,0,0,1,1,1065,49141,AUSTIN CCA HS
2010,49141,,,304,0.921212121212121,61,0.184848484848485,0,0,0,0,0,0,0,0,0,0,0,1,0,0,,Austin Polytech HS,610501,330,0,0,1,1,1065,49141,AUSTIN POLY HS
2010,53041,55,0.038814396612562,1276,0.900494001411433,169,0.119266055045872,0,0,0,0,0,2,0,0,0,0,0,1,0,0,,Prosser HS,609679,1417,2,2,1,1,1070,53041,PROSSER HS
2010,49151,7,0.021806853582555,279,0.869158878504673,19,0.059190031152648,0,0,0,0,0,0,0,0,0,0,0,2,0,0,,Marine Mil Acad HS,610502,321,0,0,2,2,1085,49151,MARINE MILITARY HS
2010,70020,3,0.003303964757709,303,0.333700440528634,58,0.063876651982379,0,0,0,0,0,0,0,0,0,0,0,5,0,0,,Payton CPHS,609680,908,0,0,5,5,1090,70020,PAYTON HS
2010,53051,59,0.098333333333333,587,0.978333333333333,88,0.146666666666667,0,0,0,0,0,2,0,0,0,1,0,2,0,0,,Richards HS,609682,600,2,2,3,3,1110,53051,RICHARDS HS
2010,67021,4,0.033898305084746,116,0.983050847457627,20,0.169491525423729,0,0,0,0,0,0,0,0,0,0,0,3,0,0,Alt name is Peace and Educ Coalition depending on year,Peace & Education Alt HS,610387,118,0,0,3,3,1123,67021,SECOND CHANCE ALT HS
2010,46431,114,0.126807563959956,868,0.96551724137931,138,0.153503893214683,0,0,0,0,0,0,0,0,0,0,0,5,0,0,,North-Grand HS,609691,899,0,0,5,5,1140,46431,NORTH-GRAND HS
2010,53061,3,0.001926782273603,1395,0.895953757225434,155,0.099550417469493,0,0,0,0,0,2,0,0,0,0,0,5,0,0,,Simeon HS,609692,1557,2,2,5,5,1150,53061,SIMEON HS
2010,53071,9,0.032142857142857,248,0.885714285714286,27,0.096428571428572,0,0,0,0,0,0,0,0,0,0,0,3,0,0,,Westinghouse HS,609693,280,0,0,3,3,1160,53071,WESTINGHOUSE HS
2010,46021,94,0.094282848545637,940,0.942828485456369,131,0.131394182547643,0,0,0,0,0,3,0,0,0,0,0,3,0,0,,Hancock HS,609694,997,3,3,3,3,1200,46021,HANCOCK HS
2010,46031,161,0.098773006134969,1490,0.914110429447853,267,0.163803680981595,0,0,0,0,0,2,0,0,0,0,0,4,0,0,,Amundsen HS,609695,1630,2,2,4,4,1210,46031,AMUNDSEN HS
2010,46041,67,0.034571723426213,1825,0.941692466460268,285,0.147058823529412,0,0,0,0,0,4,0,0,0,0,0,11,0,0,,Bogan Tech HS,609698,1938,4,4,11,11,1230,46041,BOGAN HS
2010,46081,2,0.002777777777778,681,0.945833333333333,148,0.205555555555556,0,0,0,0,0,0,0,0,0,0,0,5,0,0,,Crane Tech HS,609702,720,0,0,5,5,1270,46081,CRANE HS
2010,53091,251,0.141727837380011,1730,0.976849237718803,302,0.170525127046866,0,0,0,0,0,2,0,0,0,0,0,13,0,0,,Farragut HS,609704,1771,2,2,13,12,1300,53091,FARRAGUT HS
2010,50191,1,0.000840336134454,1124,0.94453781512605,225,0.189075630252101,0,0,0,0,0,0,0,0,0,0,0,3,0,0,,Fenger  HS,609705,1190,0,0,3,3,1310,50191,FENGER HS
2010,46121,,,1243,0.982608695652174,297,0.234782608695652,0,0,0,0,0,1,0,0,0,0,0,6,0,0,,Robeson HS,609707,1265,1,1,6,6,1320,46121,ROBESON HS
2010,46131,233,0.120662868979803,1777,0.920248575867426,284,0.147074054893837,0,0,0,0,0,2,0,0,0,0,0,5,0,0,,Foreman HS,609708,1931,2,2,5,5,1330,46131,FOREMAN HS
2010,46141,134,0.082767140210006,1575,0.972822730080296,287,0.177269919703521,0,0,0,0,0,0,0,0,0,0,0,6,0,0,,Gage Park HS,609709,1619,0,0,6,6,1340,46141,GAGE PARK HS
2010,51021,,,1277,0.943828529194383,251,0.185513673318551,0,0,0,0,0,0,0,0,0,0,0,11,0,0,,Harlan HS,609710,1353,0,0,11,11,1350,51021,HARLAN HS
2010,46151,1,0.001297016861219,710,0.920881971465629,185,0.239948119325551,0,0,0,0,0,1,0,0,0,0,0,12,0,0,,Harper HS,609711,771,1,1,12,11,1360,46151,HARPER HS
2010,47031,2,0.00297176820208,653,0.970282317979198,161,0.239227340267459,0,0,0,0,0,0,0,0,0,0,0,6,0,0,,Hirsch HS,609712,673,0,0,6,6,1380,47031,HIRSCH HS
2010,46171,1,0.000544662309368,1704,0.928104575163399,206,0.112200435729847,0,0,0,0,0,2,0,0,0,0,0,13,0,0,,Hyde Park HS,609713,1836,2,2,13,13,1390,46171,HYDE PARK HS
2010,46181,382,0.119899560577527,3049,0.95699937225361,362,0.113622096672944,0,0,0,0,0,4,0,0,0,0,0,12,0,0,,Kelly HS,609715,3186,4,4,12,12,1400,46181,KELLY HS
2010,46191,205,0.140893470790378,1394,0.95807560137457,234,0.160824742268041,0,0,0,0,0,1,0,0,0,0,0,11,0,0,,Kelvyn Park HS,609716,1455,1,1,11,11,1410,46191,KELVYN PARK HS
2010,46201,93,0.055855855855856,1387,0.833033033033033,286,0.171771771771772,0,0,0,0,0,0,0,0,0,0,0,10,0,0,,Kennedy HS,609718,1665,0,0,10,10,1420,46201,KENNEDY HS
2010,46211,100,0.064102564102564,1373,0.880128205128205,201,0.128846153846154,0,0,0,0,0,0,0,0,0,0,0,5,0,0,,Lake View HS,609719,1560,0,0,5,5,1430,46211,LAKE VIEW HS
2010,46221,9,0.002151565861822,2614,0.624910351422424,219,0.052354769304327,0,0,0,0,0,1,0,0,0,0,0,18,0,0,,Lane Tech HS,609720,4183,1,1,18,18,1440,46221,LANE TECH HS
2010,53111,,,831,0.943246311010216,191,0.216799091940976,0,0,0,0,0,2,0,0,0,0,0,6,0,0,,Manley HS,609722,881,2,2,6,6,1460,53111,MANLEY HS
2010,47041,,,916,0.917835671342685,250,0.250501002004008,0,0,0,0,0,0,0,0,0,0,0,18,0,0,,Marshall HS,609723,998,0,0,18,18,1470,47041,MARSHALL HS
2010,46241,269,0.164425427872861,1485,0.907701711491442,244,0.149144254278729,0,0,0,0,0,1,0,0,0,0,0,6,0,0,,Mather HS,609724,1636,1,1,6,6,1480,46241,MATHER HS
2010,46251,1,0.000593824228029,1287,0.764251781472684,210,0.124703087885986,0,0,0,0,0,0,0,0,0,0,0,8,0,0,,Morgan Park HS,609725,1684,0,0,8,8,1490,46251,MORGAN PARK HS
2010,47051,4,0.005340453938585,641,0.855807743658211,61,0.081441922563418,0,0,0,0,0,0,0,0,0,2,0,2,0,0,,Brooks CPHS,609726,749,0,0,4,4,1500,47051,BROOKS HS
2010,46261,3,0.00402144772118,718,0.962466487935657,166,0.222520107238606,0,0,0,0,0,0,0,0,0,0,0,10,0,0,,Phillips HS,609727,746,0,0,10,10,1510,46261,PHILLIPS HS
2010,46271,279,0.192016517549897,1383,0.951823812801101,244,0.167928423950447,0,0,0,0,0,0,0,0,0,0,0,5,0,0,,Roosevelt HS,609728,1453,0,0,5,5,1520,46271,ROOSEVELT HS
2010,46281,229,0.104709647919524,2069,0.946044810242341,402,0.183813443072702,0,0,0,0,0,2,0,0,0,0,0,4,0,0,,Schurz HS,609729,2187,2,2,4,4,1530,46281,SCHURZ HS
2010,46291,145,0.074017355793772,1849,0.943848902501276,302,0.154160285860133,0,0,0,0,0,2,0,0,0,0,0,3,0,0,,Steinmetz HS,609732,1959,2,2,3,3,1560,46291,STEINMETZ HS
2010,46301,198,0.248431618569636,757,0.949811794228356,153,0.191969887076537,0,0,0,0,0,3,0,0,0,0,0,4,0,0,,Sullivan HS,609733,797,3,3,4,3,1570,46301,SULLIVAN HS
2010,51071,225,0.084049308927904,1682,0.628315278296601,415,0.155024280911468,0,0,0,0,0,0,0,0,0,0,0,4,0,0,,Taft HS,609734,2677,0,0,4,4,1580,51071,TAFT HS
2010,53121,38,0.055882352941177,669,0.983823529411765,161,0.236764705882353,0,0,0,0,0,0,0,0,0,0,0,8,0,0,,Tilden HS,609735,680,0,0,8,8,1590,53121,TILDEN HS
2010,66021,,,472,0.890566037735849,112,0.211320754716981,0,0,0,0,0,0,0,0,0,0,0,5,0,0,,Dyett HS,609736,530,0,0,5,5,1600,66021,DYETT HS
2010,47081,20,0.012269938650307,1219,0.747852760736196,142,0.087116564417178,0,0,0,0,0,0,0,0,0,0,0,7,0,0,Not sure,Von Steuben HS,609737,1630,0,0,7,6,1610,47081,VON STEUBEN HS
2010,46321,46,0.021395348837209,1230,0.572093023255814,132,0.061395348837209,0,0,0,0,0,1,0,0,0,0,0,8,0,0,,Lincoln Park HS,609738,2150,1,1,8,8,1620,46321,LINCOLN PARK HS
2010,46331,113,0.077931034482759,1277,0.880689655172414,237,0.163448275862069,0,0,0,0,0,0,0,0,0,0,0,2,0,0,,"Washington, G. HS",609739,1450,0,0,2,2,1630,46331,WASHINGTON HS
2010,51071,52,0.078195488721805,621,0.933834586466165,142,0.213533834586466,0,0,0,0,0,0,0,0,0,0,0,4,0,0,,Wells HS,609740,665,0,0,4,4,1640,51071,WELLS HS
2010,46341,112,0.062395543175488,1694,0.943732590529248,170,0.094707520891365,0,0,0,0,0,0,0,0,0,0,0,11,0,0,,Hubbard HS,609741,1795,0,0,11,11,1670,46341,HUBBARD HS
2010,46061,39,0.129568106312292,250,0.830564784053156,301,1,0,0,0,0,0,2,0,0,0,0,0,2,0,0,,Northside Lrn Ctr HS,609749,301,2,2,2,2,1690,46061,NORTHSIDE PREP HS
2010,49031,8,0.043715846994536,176,0.961748633879781,183,1,0,0,0,0,0,0,0,0,0,0,0,2,0,0,,Southside Occp HS,609745,183,0,0,2,2,1700,49031,SOUTHSIDE HS
2010,46361,22,0.012283640424344,1417,0.791178112786153,165,0.09212730318258,0,0,0,0,0,0,0,0,0,0,0,6,0,0,,Kenwood HS,609746,1791,0,0,6,6,1710,46361,KENWOOD HS
2010,46371,4,0.004319654427646,690,0.745140388768898,86,0.092872570194385,0,0,0,0,0,1,0,0,0,0,0,2,0,0,,King CPHS,609751,926,1,1,2,2,1760,46371,KING HS
2010,70070,2,0.003992015968064,435,0.868263473053892,34,0.067864271457086,0,0,0,0,0,0,0,0,0,0,0,3,0,0,,Chicago Mil Acad HS,609754,501,0,0,3,3,1800,70070,CHICAGO MILITARY HS
2010,53101,275,0.076858580212409,3342,0.934041363890442,352,0.098378982671884,0,0,0,0,0,4,0,0,0,0,0,4,0,0,,Curie HS,609756,3578,4,4,4,4,1820,53101,CURIE HS
2010,51091,116,0.073047858942066,1510,0.95088161209068,323,0.203400503778338,0,0,0,0,0,0,0,0,0,0,0,8,0,0,,Clemente HS,609759,1588,0,0,8,8,1840,51091,CLEMENTE HS
2010,46381,19,0.036538461538462,495,0.951923076923077,39,0.075,0,0,0,0,0,0,0,0,0,0,0,3,0,0,,Carver Mil Acad HS,609760,520,0,0,3,3,1850,46381,CARVER MILITARY HS
2010,46391,2,0.002202643171806,875,0.963656387665198,166,0.182819383259912,0,0,0,0,0,1,0,0,0,0,0,7,0,0,,Corliss HS,609761,908,1,1,7,7,1860,46391,CORLISS HS
2010,46401,1,0.000704225352113,1337,0.941549295774648,176,0.123943661971831,0,0,0,0,0,3,0,0,0,0,0,9,0,0,,Julian HS,609762,1420,3,3,9,9,1870,46401,JULIAN HS
2010,46421,202,0.129156010230179,1518,0.970588235294117,223,0.142583120204604,0,0,0,0,0,0,0,0,0,0,0,9,0,0,,Juarez HS,609764,1564,0,0,9,9,1890,46421,JUAREZ HS
2010,49081,58,0.252173913043478,212,0.921739130434783,230,1,0,0,0,0,0,0,0,0,0,0,0,1,0,0,,Vaughn Occp HS,609766,230,0,0,1,1,1920,49081,VAUGHN HS
2010,49091,8,0.009913258983891,766,0.949194547707559,155,0.192069392812887,0,0,0,0,0,0,0,0,0,0,0,3,0,0,,Hope CPHS,609768,807,0,0,3,3,1940,49091,HOPE HS
2010,26861,24,0.043956043956044,525,0.961538461538462,79,0.144688644688645,0,0,0,0,0,1,0,0,0,0,0,1,0,0,,Uplift Community HS,610394,546,1,1,1,1,2210,26861,UPLIFT HS
2010,66112,,,436,0.836852207293666,66,0.126679462571977,0,0,0,0,0,0,0,0,0,0,0,1,0,0,Chtr,U Of C Chrt - Woodlawn,400077,521,0,0,1,1,3061,66112,U OF C - WOODLAWN HS
2010,23391,36,0.06963249516441,488,0.943907156673114,51,0.098646034816248,0,0,0,0,0,0,0,0,0,0,0,2,0,0,*,"Graham, A.",609769,517,0,0,2,2,3600,23391,GRAHAM HS
2010,31121,,,315,0.987460815047022,27,0.084639498432602,0,0,0,0,0,0,0,0,0,0,0,1,0,0,,Hendricks,609987,319,0,0,1,1,3930,31121,HENDRICKS
2010,46541,,,341,0.916666666666667,41,0.110215053763441,0,0,0,0,0,0,0,0,0,0,0,8,0,0,*Pos Wrong DuSable,Shabazz Chrt - DuSable,609703,372,0,0,8,8,4140,46541,DUSABLE HIGH
2010,24101,108,0.288770053475936,362,0.967914438502674,50,0.133689839572193,0,0,0,0,0,0,0,0,0,0,0,2,0,0,,Lozano Bilingual,610029,374,0,0,2,2,4380,24101,LOZANO
2010,52011,46,0.126721763085399,350,0.964187327823691,59,0.162534435261708,0,0,0,0,0,0,0,0,0,0,0,1,0,0,,World Language HS,610392,363,0,0,1,1,4460,52011,WORLD LANGUAGE HS
2010,25151,335,0.389082462253194,843,0.979094076655052,85,0.098722415795587,0,0,0,0,0,0,0,0,0,0,0,2,0,0,,Chavez,610148,861,0,0,2,2,5640,25151,CHAVEZ
2010,25301,292,0.328828828828829,882,0.993243243243243,61,0.068693693693694,0,0,0,0,0,0,0,0,0,0,0,1,0,0,,Seward,610167,888,0,0,1,1,5820,25301,SEWARD
2010,47101,32,0.02386278896346,1328,0.990305741983594,161,0.120059656972409,0,0,0,0,0,0,0,0,0,0,0,3,0,0,,Young,609755,1341,0,0,3,3,6520,47101,YOUNG HS
2010,41051,1,0.000979431929481,916,0.897159647404505,128,0.125367286973555,0,0,0,0,0,0,0,0,0,0,0,8,0,0,,Clark Magnet HS,610244,1021,0,0,8,8,6620,41051,CLARK HS
2010,41061,,,478,0.959839357429719,103,0.206827309236948,0,0,0,0,0,2,0,0,0,0,0,2,0,0,,Douglass HS,610245,498,2,2,2,2,6630,41061,DOUGLASS HS
2010,28151,,,229,0.938524590163934,15,0.061475409836066,0,0,0,0,0,1,0,0,0,0,0,14,0,0,Closed 09,LEARN Chrt - EXCEL,610302,244,1,1,14,13,6775,28151,EXCEL - ORR HIGH
2010,46511,3,0.00414364640884,547,0.755524861878453,46,0.06353591160221,0,0,0,0,0,1,0,0,0,0,0,5,0,0,,Lindblom MSHS,609721,724,1,1,5,5,7110,46511,LINDBLOM COLL PREP H
2010,46511,3,0.00414364640884,547,0.755524861878453,46,0.06353591160221,0,0,0,0,0,1,0,0,0,0,0,5,0,0,,Lindblom MSHS,610391,724,1,1,5,5,7110,46511,LINDBLOM HS
2010,55161,2,0.006172839506173,293,0.904320987654321,20,0.061728395061728,0,0,0,0,0,0,0,0,0,0,0,1,0,0,,Williams Prep Med HS,610380,324,0,0,1,1,7200,55161,WILLIAMS HS
2010,55091,1,0.003086419753086,308,0.950617283950617,52,0.160493827160494,0,0,0,0,0,0,0,0,0,0,0,2,0,0,Combined with school of arts in 2012 to school of leadership,Sch Of Technology HS,610296,324,0,0,2,2,7220,55091,SCHOOL OF TECH HS
2010,55081,,,326,0.976047904191617,81,0.24251497005988,0,0,0,0,0,1,0,0,0,0,0,1,0,0,,Sch Of Leadership HS,610297,334,1,1,1,1,7230,55081,SCHOOL OF LEADRSHP HS
2010,55191,,,514,0.936247723132969,51,0.092896174863388,0,0,0,0,0,0,0,0,0,0,0,1,0,0,,Bronzeville Mil HS,610381,549,0,0,1,1,7270,55191,BRONZEVILLE HS
2010,55011,4,0.00990099009901,379,0.938118811881188,29,0.071782178217822,0,0,0,0,0,0,0,0,0,0,0,1,0,0,,Phoenix Mil Acad HS,610304,404,0,0,1,1,7310,55011,PHOENIX MILITARY HS
2010,55041,29,0.073047858942066,382,0.962216624685139,74,0.18639798488665,0,0,0,0,0,1,0,0,0,0,0,2,0,0,Bowen,Chicago Discovery HS,610309,397,1,1,2,2,7360,55041,CHGO DISCOVERY HS
2010,55111,3,0.013953488372093,207,0.962790697674419,54,0.251162790697674,0,0,0,0,0,0,0,0,0,0,0,1,0,0,Also included with Bowen,Global Visions HS,610324,215,0,0,1,1,7550,55111,GLOBAL VISIONS HS
2010,50161,1,0.003891050583658,244,0.949416342412451,13,0.050583657587549,0,0,0,0,0,0,0,0,0,0,0,3,0,0,,Crane AA HS,610378,257,0,0,3,3,7660,50161,CRANE AA
2010,46471,2,0.003565062388592,541,0.964349376114082,93,0.165775401069519,0,0,0,0,0,0,0,0,0,0,0,4,0,0,,Raby HS,610334,561,0,0,4,3,7690,46471,RABY HS
2010,46481,14,0.028169014084507,403,0.810865191146881,86,0.173038229376258,0,0,0,0,0,1,0,0,0,0,0,2,0,0,,Chicago Acad HS,610340,497,1,1,2,2,7770,46481,CHICAGO ACADEMY HS
2010,50181,7,0.067961165048544,96,0.932038834951456,6,0.058252427184466,0,0,0,0,0,0,0,0,0,0,0,1,0,0,,Phillips AA HS,609743,103,0,0,1,1,7960,50181,PHILLIPS AA HS
2010,50191,,,127,0.9921875,8,0.0625,0,0,0,0,0,0,0,0,0,0,0,3,0,0,,Fenger AA HS,609706,128,0,0,3,3,7970,50191,FENGER AA HS
2010,51091,6,0.027272727272727,212,0.963636363636364,18,0.081818181818182,0,0,0,0,0,0,0,0,0,0,0,8,0,0,,Clemente AA HS,610401,220,0,0,8,8,7980,51091,CLEMENTE AA HS
2010,22041,2,0.024096385542169,60,0.72289156626506,15,0.180722891566265,0,0,0,0,0,0,0,0,0,0,0,1,0,0,"Unit Code might be wrong, pop seems v small",Alcott HS,610524,83,0,0,1,1,8035,22041,ALCOTT HS
2010,63081,3,0.025210084033614,114,0.957983193277311,18,0.151260504201681,0,0,0,0,0,0,0,0,0,0,0,3,0,0,,EPIC Acad HS,400094,119,0,0,3,3,8058,63081,EPIC HS
2010,24731,22,0.04954954954955,204,0.45945945945946,60,0.135135135135135,0,0,0,0,0,0,0,0,0,0,0,1,0,0,*,Ogden HS,610529,444,0,0,1,1,8083,24731,OGDEN HS
2011,53011,5,0.004520795660036,1070,0.96745027124774,230,0.207956600361664,0,0,0,0,0,1,0,0,0,0,3,13,0,0,,Chicago Voc HS,609674,1106,4,3,13,13,1010,53011,CHICAGO VOCATIONAL HS
2011,53021,4,0.002654280026543,1400,0.92899800928998,165,0.109489051094891,0,0,0,0,0,0,0,0,0,0,4,14,0,0,,Dunbar Voc HS,609676,1507,4,4,14,11,1030,53021,DUNBAR HS
2011,45231,3,0.014150943396227,177,0.834905660377359,12,0.056603773584906,0,0,0,0,0,0,0,0,0,0,1,1,0,0,,Air Force Acad HS,610513,212,1,0,1,1,1055,45231,AIR FORCE HS
2011,53041,59,0.041784702549575,1219,0.863314447592068,167,0.118271954674221,0,0,0,0,0,1,0,0,0,0,4,1,0,0,,Prosser HS,609679,1412,5,5,1,1,1070,53041,PROSSER HS
2011,49151,5,0.013192612137203,351,0.926121372031662,22,0.058047493403694,0,0,0,0,0,0,0,0,0,0,1,3,0,0,,Marine Math & Sci Mil HS,610502,379,1,1,3,2,1085,49151,MARINE MILITARY HS
2011,70020,3,0.003363228699552,278,0.311659192825112,58,0.065022421524664,0,0,0,0,0,0,0,0,0,0,4,5,0,0,,Payton CPHS,609680,892,4,4,5,5,1090,70020,PAYTON HS
2011,53051,76,0.138939670932358,477,0.872029250457038,98,0.179159049360146,0,0,0,0,0,2,0,0,0,1,2,2,0,0,,Richards HS,609682,547,4,3,3,3,1110,53051,RICHARDS HS
2011,67021,4,0.035398230088496,112,0.991150442477876,22,0.194690265486726,0,0,0,0,0,0,0,0,0,0,2,3,0,0,Alt name is Peace and Educ Coalition depending on year,Peace & Education Alt HS,610387,113,2,2,3,3,1123,67021,SECOND CHANCE ALT HS
2011,46431,103,0.117714285714286,799,0.913142857142857,141,0.161142857142857,0,0,0,0,0,0,0,0,0,0,2,5,0,0,,North-Grand HS,609691,875,2,2,5,5,1140,46431,NORTH-GRAND HS
2011,53061,2,0.001293661060802,1177,0.761319534282018,149,0.096377749029754,0,0,0,0,0,1,0,0,0,0,6,5,0,0,,Simeon HS,609692,1546,7,6,5,4,1150,53061,SIMEON HS
2011,53071,10,0.018018018018018,458,0.825225225225225,44,0.079279279279279,0,0,0,0,0,1,0,0,0,0,2,3,0,0,,Westinghouse HS,609693,555,3,3,3,2,1160,53071,WESTINGHOUSE HS
2011,46021,92,0.09349593495935,919,0.933943089430894,128,0.130081300813008,0,0,0,0,0,3,0,0,0,0,3,3,0,0,,Hancock HS,609694,984,6,6,3,3,1200,46021,HANCOCK HS
2011,46031,186,0.11306990881459,1249,0.759270516717325,251,0.15258358662614,0,0,0,0,0,2,0,0,0,0,5,4,0,0,,Amundsen HS,609695,1645,7,7,4,4,1210,46031,AMUNDSEN HS
2011,46041,94,0.052631578947369,1601,0.896416573348264,272,0.152295632698768,0,0,0,0,0,4,0,0,0,0,5,11,0,0,,Bogan Tech HS,609698,1786,9,9,11,11,1230,46041,BOGAN HS
2011,46081,1,0.001949317738791,419,0.816764132553606,120,0.233918128654971,0,0,0,0,0,0,0,0,0,0,2,4,0,0,,Crane Tech HS,609702,513,2,2,4,3,1270,46081,CRANE HS
2011,53091,246,0.153942428035044,1572,0.983729662077597,279,0.17459324155194,0,0,0,0,0,2,0,0,0,0,7,11,0,0,,Farragut HS,609704,1598,9,9,11,11,1300,53091,FARRAGUT HS
2011,50191,1,0.001275510204082,692,0.88265306122449,161,0.205357142857143,0,0,0,0,0,0,0,0,0,0,0,1,0,0,,Fenger  HS,609705,784,0,0,1,1,1310,50191,FENGER HS
2011,46121,,,752,0.969072164948454,199,0.256443298969072,0,0,0,0,0,1,0,0,0,0,0,5,0,0,,Robeson HS,609707,776,1,1,5,5,1320,46121,ROBESON HS
2011,46131,217,0.118514472965593,1555,0.849262697979246,268,0.146368104860732,0,0,0,0,0,2,0,0,0,0,5,5,0,0,,Foreman HS,609708,1831,7,6,5,5,1330,46131,FOREMAN HS
2011,46141,100,0.079872204472844,1136,0.907348242811502,235,0.187699680511182,0,0,0,0,0,0,0,0,0,0,5,6,0,0,,Gage Park HS,609709,1252,5,5,6,6,1340,46141,GAGE PARK HS
2011,51021,1,0.000793650793651,1120,0.888888888888889,227,0.18015873015873,0,0,0,0,0,0,0,0,0,0,5,10,0,0,,Harlan HS,609710,1260,5,5,10,10,1350,51021,HARLAN HS
2011,46151,1,0.001494768310912,485,0.724962630792227,156,0.233183856502242,0,0,0,0,0,1,0,0,0,0,2,12,0,0,,Harper HS,609711,669,3,3,12,12,1360,46151,HARPER HS
2011,47031,,,492,0.982035928143712,132,0.263473053892216,0,0,0,0,0,0,0,0,0,0,2,6,0,0,,Hirsch HS,609712,501,2,2,6,6,1380,47031,HIRSCH HS
2011,46171,2,0.001257071024513,1358,0.853551225644249,184,0.115650534255185,0,0,0,0,0,0,0,0,0,0,3,13,0,0,,Hyde Park HS,609713,1591,3,3,13,13,1390,46171,HYDE PARK HS
2011,46181,399,0.130306988896146,2807,0.916721097322012,354,0.115610711952972,0,0,0,0,0,4,0,0,0,0,9,12,0,0,,Kelly HS,609715,3062,13,13,12,12,1400,46181,KELLY HS
2011,46191,204,0.147612156295224,844,0.610709117221418,214,0.154848046309696,0,0,0,0,0,1,0,0,0,0,4,6,0,0,,Kelvyn Park HS,609716,1382,5,5,6,6,1410,46191,KELVYN PARK HS
2011,46201,101,0.063924050632911,1241,0.785443037974683,294,0.186075949367089,0,0,0,0,0,0,0,0,0,0,5,10,0,0,,Kennedy HS,609718,1580,5,5,10,10,1420,46201,KENNEDY HS
2011,46211,89,0.057308435286542,1326,0.853831294269157,164,0.10560206052801,0,0,0,0,0,0,0,0,0,0,5,5,0,0,,Lake View HS,609719,1553,5,5,5,5,1430,46211,LAKE VIEW HS
2011,46221,27,0.006482593037215,2459,0.590396158463385,184,0.044177671068427,0,0,0,0,0,1,0,0,0,0,14,15,0,0,,Lane Tech HS,609720,4165,15,14,15,15,1440,46221,LANE TECH HS
2011,53111,,,522,0.803076923076923,156,0.24,0,0,0,0,0,2,0,0,0,0,2,5,0,0,,Manley HS,609722,650,4,4,5,5,1460,53111,MANLEY HS
2011,47041,2,0.00259067357513,542,0.702072538860104,192,0.248704663212435,0,0,0,0,0,0,0,0,0,0,3,14,0,0,,Marshall HS,609723,772,3,3,14,14,1470,47041,MARSHALL HS
2011,46241,259,0.161572052401747,1346,0.83967560823456,208,0.12975670617592,0,0,0,0,0,1,0,0,0,0,6,7,0,0,,Mather HS,609724,1603,7,7,7,7,1480,46241,MATHER HS
2011,46251,2,0.001206272617612,1203,0.725572979493365,213,0.128468033775633,0,0,0,0,0,0,0,0,0,0,5,7,0,0,,Morgan Park HS,609725,1658,5,5,7,7,1490,46251,MORGAN PARK HS
2011,47051,3,0.003921568627451,658,0.860130718954248,52,0.06797385620915,0,0,0,0,0,0,0,0,0,2,3,2,0,0,,Brooks CPHS,609726,765,3,3,4,4,1500,47051,BROOKS HS
2011,46261,2,0.002911208151383,671,0.976710334788937,147,0.213973799126638,0,0,0,0,0,0,0,0,0,0,2,9,0,0,,Phillips HS,609727,687,2,1,9,9,1510,46261,PHILLIPS HS
2011,46271,306,0.213986013986014,1135,0.793706293706294,243,0.16993006993007,0,0,0,0,0,0,0,0,0,0,3,6,0,0,,Roosevelt HS,609728,1430,3,3,6,5,1520,46271,ROOSEVELT HS
2011,46281,264,0.118120805369128,2023,0.905145413870246,396,0.177181208053691,0,0,0,0,0,2,0,0,0,0,7,5,0,0,,Schurz HS,609729,2235,9,8,5,4,1530,46281,SCHURZ HS
2011,46291,175,0.092641609317099,1662,0.879830598200106,257,0.136050820539968,0,0,0,0,0,3,0,0,0,0,6,3,0,0,,Steinmetz HS,609732,1889,9,9,3,3,1560,46291,STEINMETZ HS
2011,46301,192,0.25130890052356,722,0.945026178010471,147,0.192408376963351,0,0,0,0,0,1,0,0,0,0,3,1,0,0,,Sullivan HS,609733,764,4,4,1,1,1570,46301,SULLIVAN HS
2011,51071,206,0.073309608540925,1596,0.56797153024911,408,0.145195729537367,0,0,0,0,0,0,0,0,0,0,1,4,0,0,,Taft HS,609734,2810,1,1,4,3,1580,51071,TAFT HS
2011,53121,38,0.081370449678801,388,0.830835117773019,114,0.244111349036402,0,0,0,0,0,0,0,0,0,0,2,7,0,0,,Tilden HS,609735,467,2,1,7,5,1590,53121,TILDEN HS
2011,66021,,,389,0.902552204176334,96,0.222737819025522,0,0,0,0,0,0,0,0,0,0,2,5,0,0,,Dyett HS,609736,431,2,2,5,5,1600,66021,DYETT HS
2011,47081,23,0.014101778050276,1185,0.726548129981606,142,0.087063151440834,0,0,0,0,0,1,0,0,0,0,5,6,0,0,Not sure,Von Steuben HS,609737,1631,6,6,6,6,1610,47081,VON STEUBEN HS
2011,46321,31,0.013913824057451,1149,0.515709156193896,141,0.063285457809695,0,0,0,0,0,1,0,0,0,0,4,8,0,0,,Lincoln Park HS,609738,2228,5,5,8,8,1620,46321,LINCOLN PARK HS
2011,46331,106,0.073509015256588,1210,0.839112343966713,219,0.151872399445215,0,0,0,0,0,1,0,0,0,0,5,8,0,0,,Washington G. HS,609739,1442,6,6,8,5,1630,46331,WASHINGTON HS
2011,51071,58,0.090342679127726,568,0.884735202492212,130,0.202492211838006,0,0,0,0,0,0,0,0,0,0,1,4,0,0,,Wells HS,609740,642,1,1,4,3,1640,51071,WELLS HS
2011,46341,121,0.071640023682653,1572,0.930728241563055,155,0.091770278271166,0,0,0,0,0,0,0,0,0,0,5,10,0,0,,Hubbard HS,609741,1689,5,5,10,10,1670,46341,HUBBARD HS
2011,46061,95,0.305466237942122,252,0.810289389067524,311,1,0,0,0,0,0,2,0,0,0,0,1,2,0,0,,Northside Lrn Ctr HS,609749,311,3,3,2,2,1690,46061,NORTHSIDE PREP HS
2011,49031,22,0.112244897959184,158,0.806122448979592,196,1,0,0,0,0,0,0,0,0,0,0,2,2,0,0,,Southside Occp HS,609745,196,2,1,2,2,1700,49031,SOUTHSIDE HS
2011,46361,21,0.011570247933884,1410,0.776859504132231,173,0.095316804407714,0,0,0,0,0,0,0,0,0,0,7,6,0,0,,Kenwood HS,609746,1815,7,7,6,6,1710,46361,KENWOOD HS
2011,46371,3,0.003205128205128,621,0.663461538461538,90,0.096153846153846,0,0,0,0,0,1,0,0,0,0,3,2,0,0,,King CPHS,609751,936,4,4,2,2,1760,46371,KING HS
2011,70070,2,0.00398406374502,402,0.800796812749004,32,0.063745019920319,0,0,0,0,0,0,0,0,0,0,2,3,0,0,,Chicago Mil Acad HS,609754,502,2,2,3,3,1800,70070,CHICAGO MILITARY HS
2011,53101,289,0.083598495805612,2807,0.811975701475267,340,0.098351171536014,0,0,0,0,0,4,0,0,0,0,11,6,0,0,,Curie HS,609756,3457,15,15,6,6,1820,53101,CURIE HS
2011,28151,18,0.018828451882845,832,0.870292887029289,263,0.27510460251046,0,0,0,0,0,2,0,0,0,0,3,12,0,0,,Orr Academy HS,610389,956,5,4,12,9,1830,28151,ORR HS
2011,51091,106,0.082618862042089,1025,0.798908807482463,279,0.217459080280592,0,0,0,0,0,0,0,0,0,0,4,5,0,0,,Clemente HS,609759,1283,4,4,5,5,1840,51091,CLEMENTE HS
2011,46381,18,0.032727272727273,531,0.965454545454545,34,0.061818181818182,0,0,0,0,0,0,0,0,0,0,2,3,0,0,,Carver Mil Acad HS,609760,550,2,2,3,3,1850,46381,CARVER MILITARY HS
2011,46391,,,624,0.835341365461847,155,0.207496653279786,0,0,0,0,0,1,0,0,0,0,2,4,0,0,,Corliss HS,609761,747,3,3,4,3,1860,46391,CORLISS HS
2011,46401,,,1094,0.893790849673203,153,0.125,0,0,0,0,0,4,0,0,0,0,4,7,0,0,,Julian HS,609762,1224,8,8,7,7,1870,46401,JULIAN HS
2011,46421,210,0.128834355828221,1550,0.950920245398773,215,0.131901840490798,0,0,0,0,0,0,0,0,0,0,5,10,0,0,,Juarez HS,609764,1630,5,4,10,9,1890,46421,JUAREZ HS
2011,49081,66,0.302752293577982,194,0.889908256880734,218,1,0,0,0,0,0,0,0,0,0,0,1,1,0,0,,Vaughn Occp HS,609766,218,1,1,1,1,1920,49081,VAUGHN HS
2011,49091,5,0.007352941176471,652,0.958823529411765,124,0.182352941176471,0,0,0,0,0,0,0,0,0,0,2,3,0,0,,Hope CPHS,609768,680,2,2,3,3,1940,49091,HOPE HS
2011,26861,17,0.032692307692308,476,0.915384615384615,66,0.126923076923077,0,0,0,0,0,1,0,0,0,0,2,1,0,0,,Uplift Community HS,610394,520,3,2,1,1,2210,26861,UPLIFT HS
2011,66112,,,447,0.832402234636871,72,0.134078212290503,0,0,0,0,0,0,0,0,0,0,0,1,0,0,Chtr,U Of C Chrt - Woodlawn,400077,537,0,0,1,1,3061,66112,U OF C - WOODLAWN HS
2011,23391,42,0.086956521739131,463,0.958592132505176,57,0.118012422360248,0,0,0,0,0,0,0,0,0,0,1,2,0,0,,Graham A.,609769,483,1,1,2,2,3600,23391,GRAHAM HS
2011,31121,1,0.002941176470588,332,0.976470588235294,27,0.079411764705882,0,0,0,0,0,0,0,0,0,0,1,1,0,0,,Hendricks,609987,340,1,1,1,1,3930,31121,HENDRICKS
2011,46541,,,382,0.938574938574939,46,0.113022113022113,0,0,0,0,0,0,0,0,0,0,0,8,0,0,,Shabazz Chrt - DuSable,609703,407,0,0,8,8,4140,46541,DUSABLE HIGH
2011,24101,173,0.516417910447761,296,0.883582089552239,55,0.164179104477612,0,0,0,0,0,1,0,0,0,0,1,2,0,0,,Lozano Bilingual,610029,335,2,1,2,2,4380,24101,LOZANO
2011,52011,62,0.163588390501319,372,0.981530343007915,56,0.147757255936675,0,0,0,0,0,0,0,0,0,0,2,1,0,0,,World Language HS,610392,379,2,2,1,1,4460,52011,WORLD LANGUAGE HS
2011,25151,409,0.46636259977195,867,0.988597491448119,90,0.102622576966933,0,0,0,0,0,0,0,0,0,0,1,2,0,0,,Chavez,610148,877,1,1,2,2,5640,25151,CHAVEZ
2011,25301,262,0.30045871559633,839,0.962155963302752,76,0.087155963302752,0,0,0,0,0,0,0,0,0,0,1,1,0,0,,Seward,610167,872,1,1,1,1,5820,25301,SEWARD
2011,47101,39,0.032231404958678,1186,0.980165289256198,144,0.11900826446281,0,0,0,0,0,0,0,0,0,0,10,3,0,0,,Young,609755,1210,10,8,3,3,6520,47101,YOUNG HS
2011,41051,2,0.002123142250531,776,0.823779193205945,116,0.123142250530786,0,0,0,0,0,2,0,0,0,0,4,6,0,0,,Clark Magnet HS,610244,942,6,5,6,6,6620,41051,CLARK HS
2011,41061,,,369,0.963446475195822,87,0.227154046997389,0,0,0,0,0,1,0,0,0,0,1,2,0,0,,Douglass HS,610245,383,2,1,2,2,6630,41061,DOUGLASS HS
2011,28151,,,274,0.928813559322034,21,0.071186440677966,0,0,0,0,0,2,0,0,0,0,3,12,0,0,Closed 09,LEARN Chrt - EXCEL,610302,295,5,4,12,9,6775,28151,EXCEL - ORR HIGH
2011,46511,3,0.003440366972477,594,0.681192660550459,44,0.05045871559633,0,0,0,0,0,1,0,0,0,0,3,5,0,0,,Lindblom MSHS,609721,872,4,4,5,5,7110,46511,LINDBLOM COLL PREP H
2011,46511,3,0.003440366972477,594,0.681192660550459,44,0.05045871559633,0,0,0,0,0,1,0,0,0,0,3,5,0,0,,Lindblom MSHS,610391,872,4,4,5,5,7110,46511,LINDBLOM HS
2011,55081,,,257,0.944852941176471,59,0.216911764705882,0,0,0,0,0,2,0,0,0,0,3,5,0,0,,Sch Of Leadership HS,610297,272,5,5,5,4,7230,55081,SCHOOL OF LEADRSHP HS
2011,55191,,,513,0.931034482758621,46,0.083484573502722,0,0,0,0,0,0,0,0,0,0,2,1,0,0,,Bronzeville Mil HS,610381,551,2,1,1,1,7270,55191,BRONZEVILLE HS
2011,55011,9,0.020833333333333,406,0.939814814814815,37,0.085648148148148,0,0,0,0,0,0,0,0,0,0,1,1,0,0,,Phoenix Mil Acad HS,610304,432,1,1,1,1,7310,55011,PHOENIX MILITARY HS
2011,50161,1,0.004098360655738,199,0.815573770491803,15,0.061475409836066,0,0,0,0,0,0,0,0,0,0,0,2,0,0,,Crane AA HS,610378,244,0,0,2,2,7660,50161,CRANE AA
2011,46471,3,0.005376344086022,513,0.919354838709677,92,0.164874551971326,0,0,0,0,0,0,0,0,0,0,2,4,0,0,,Raby HS,610334,558,2,2,4,4,7690,46471,RABY HS
2011,46481,12,0.023952095808383,408,0.81437125748503,80,0.159680638722555,0,0,0,0,0,1,0,0,0,0,2,2,0,0,,Chicago Acad HS,610340,501,3,3,2,2,7770,46481,CHICAGO ACADEMY HS
2011,50181,,,74,0.973684210526316,4,0.052631578947369,0,0,0,0,0,0,0,0,0,0,0,2,0,0,,Phillips AA HS,609743,76,0,0,2,2,7960,50181,PHILLIPS AA HS
2011,50191,,,104,0.99047619047619,8,0.076190476190476,0,0,0,0,0,0,0,0,0,0,0,1,0,0,,Fenger AA HS,609706,105,0,0,1,1,7970,50191,FENGER AA HS
2011,51091,2,0.008810572687225,183,0.806167400881057,14,0.061674008810573,0,0,0,0,0,0,0,0,0,0,4,5,0,0,,Clemente AA HS,610401,227,4,4,5,5,7980,51091,CLEMENTE AA HS
2011,22041,5,0.028248587570622,135,0.76271186440678,46,0.259887005649717,0,0,0,0,0,1,0,0,0,0,3,2,0,0,"Unit Code might be wrong, pop seems v small",Alcott HS,610524,177,4,3,2,1,8035,22041,ALCOTT HS
2011,63081,9,0.034749034749035,241,0.93050193050193,40,0.154440154440154,0,0,0,0,0,0,0,0,0,0,0,1,0,0,,EPIC Acad HS,400094,259,0,0,1,1,8058,63081,EPIC HS
2011,24731,18,0.033834586466166,185,0.347744360902256,83,0.156015037593985,0,0,0,0,0,1,0,0,0,0,3,3,0,0,,Ogden HS,610529,532,4,2,3,1,8083,24731,OGDEN HS
2012,46321,39,0.0167,1344,0.5739,140,0.0598,0,0,0,0,0,1,0,0,0,0,4,10,0,0,,Lincoln Park High School,609738,2342,5,4,10,9,1620,46321,LINCOLN PARK HS
2012,46261,3,0.0051,575,0.9696,118,0.199,0,0,0,0,0,1,0,0,0,0,4,16,1,0,,Wendell Phillips Academy High School,609727,593,5,4,17,17,1510,46261,PHILLIPS HS
2012,41051,0,0,693,0.9454,93,0.1269,0,0,0,0,0,2,0,0,0,0,2,8,1,0,,Michele Clark Academic Prep Magnet High School,610244,733,4,4,9,6,6620,41051,CLARK HS
2012,53021,5,0.0034,1431,0.9788,177,0.1211,0,0,0,0,0,2,0,0,0,0,5,12,2,0,,Paul Laurence Dunbar Career Academy High School,609676,1462,7,7,14,14,1030,53021,DUNBAR HS
2012,50161,0,0,162,1,18,0.1111,0,0,0,0,0,0,0,0,0,0,1,2,0,0,,Crane Achievement Academy High School,610378,162,1,0,2,2,7660,50161,CRANE AA
2012,47101,18,0.0083,986,0.4554,136,0.0628,0,0,0,0,0,0,0,0,0,0,10,3,4,0,,Whitney M Young Magnet High School,609755,2165,10,7,7,6,6520,47101,YOUNG HS
2012,53091,211,0.1452,1436,0.9883,256,0.1762,0,0,0,0,0,2,0,0,0,0,4,6,11,0,,David G Farragut Career Academy High School,609704,1453,6,5,17,16,1300,53091,FARRAGUT HS
2012,51091,77,0.0765,985,0.9782,208,0.2066,0,0,0,0,0,0,0,0,0,0,3,4,6,0,,Roberto Clemente Community Academy High School,609759,1007,3,3,10,8,1840,51091,CLEMENTE HS
2012,46481,15,0.0298,418,0.831,77,0.1531,0,0,0,0,0,1,0,0,0,0,2,2,0,0,,Chicago Academy High School,610340,503,3,3,2,2,7770,46481,CHICAGO ACADEMY HS
2012,50191,0,0,84,0.9882,8,0.0941,0,0,0,0,0,0,0,0,0,0,1,2,0,0,,Fenger Achievement Academy High School,609706,85,1,0,2,1,7970,50191,FENGER AA HS
2012,53051,51,0.1078,466,0.9852,89,0.1882,0,0,0,0,0,2,0,0,0,1,2,2,1,0,,Ellen H Richards Career Academy High School,609682,473,4,4,4,4,1110,53051,RICHARDS HS
2012,46391,1,0.0016,593,0.9534,138,0.2219,0,0,0,0,0,1,0,0,0,0,2,3,0,0,,George H Corliss High School,609761,622,3,3,3,3,1860,46391,CORLISS HS
2012,53071,21,0.0254,715,0.8635,60,0.0725,0,0,0,0,0,1,0,0,0,0,4,3,0,0,,George Westinghouse High School,609693,828,5,4,3,3,1160,53071,WESTINGHOUSE HS
2012,24731,25,0.0448,319,0.5717,91,0.1631,0,0,0,0,0,1,0,0,0,0,3,3,1,0,,Ogden International High School,610529,558,4,4,4,4,8083,24731,OGDEN HS
2012,25451,24,0.1231,194,0.9949,16,0.0821,0,0,0,0,0,0,0,0,0,0,1,0,1,0,,Spry Community Links High School,610357,195,1,0,1,1,6010,25451,SPRY HS
2012,53041,48,0.0339,1332,0.9407,142,0.1003,0,0,0,0,0,2,0,0,0,0,4,3,8,0,,Charles Allen Prosser Career Academy High School,609679,1416,6,6,11,10,1070,53041,PROSSER HS
2012,49151,4,0.0109,353,0.9619,28,0.0763,0,0,0,0,0,0,0,0,0,0,1,1,1,0,,Marine Military Math and Science Academy,610502,367,1,1,2,1,1085,49151,MARINE MILITARY HS
2012,47041,1,0.0014,692,0.9479,172,0.2356,0,0,0,0,0,0,0,0,0,0,2,17,0,0,,John Marshall Metropolitan High School,609723,730,2,1,17,16,1470,47041,MARSHALL HS
2012,49031,13,0.0647,200,0.995,201,1,0,0,0,0,0,0,0,0,0,0,3,2,0,0,,Southside Occupational Academy High School,609745,201,3,2,2,2,1700,49031,SOUTHSIDE HS
2012,51071,182,0.0623,1818,0.6224,413,0.1414,0,0,0,0,0,0,0,0,0,0,1,4,0,0,,William Howard Taft High School,609734,2921,1,1,4,4,1580,51071,TAFT HS
2012,55011,13,0.0281,434,0.9394,40,0.0866,0,0,0,0,0,0,0,0,0,0,2,1,0,0,,Phoenix Military Academy High School,610304,462,2,2,1,1,7310,55011,PHOENIX MILITARY HS
2012,66021,0,0,308,0.9686,76,0.239,0,0,0,0,0,0,0,0,0,0,1,7,0,0,,Dyett High School,609736,318,1,0,7,5,1600,66021,DYETT HS
2012,50111,0,0,109,0.982,14,0.1261,0,0,0,0,0,0,0,0,0,0,1,0,1,0,,Robeson Achievement Academy High School,610374,111,1,0,1,0,7570,50111,ROBESON AA HS
2012,51071,56,0.0889,614,0.9746,129,0.2048,0,0,0,0,0,0,0,0,0,0,1,4,0,0,,Wells Community Academy High School,609740,630,1,1,4,4,1640,51071,WELLS HS
2012,46371,5,0.0054,714,0.7769,87,0.0947,0,0,0,0,0,0,0,0,0,0,3,2,3,0,,Dr  Martin Luther King  Jr  College Prep HS,609751,919,3,3,5,5,1760,46371,KING HS
2012,46401,0,0,1180,0.9641,170,0.1389,0,0,0,0,0,0,0,0,0,0,5,7,1,0,,Percy L Julian High School,609762,1224,5,4,8,8,1870,46401,JULIAN HS
2012,46471,5,0.0093,525,0.9795,92,0.1716,0,0,0,0,0,0,0,0,0,0,2,4,0,0,,Al Raby High School,610334,536,2,1,4,4,7690,46471,RABY HS
2012,28151,17,0.0207,802,0.9745,228,0.277,0,0,0,0,0,1,0,0,0,0,3,13,0,0,,Orr Academy High School,610389,823,4,2,13,9,1830,28151,ORR HS
2012,49081,65,0.3218,178,0.8812,202,1,0,0,0,0,0,0,0,0,0,0,2,0,1,0,,Jacqueline B Vaughn Occupational High School,609766,202,2,1,1,1,1920,49081,VAUGHN HS
2012,46421,227,0.1349,1644,0.9768,215,0.1277,0,0,0,0,0,0,0,0,0,0,5,10,0,0,,Benito Juarez Community Academy High School,609764,1683,5,4,10,10,1890,46421,JUAREZ HS
2012,46511,10,0.011,678,0.7467,43,0.0474,0,0,0,0,0,1,0,0,0,0,3,5,1,0,,Robert Lindblom Math & Science Academy HS,610391,908,4,4,6,6,7110,46511,LINDBLOM HS
2012,46081,1,0.0021,457,0.9601,110,0.2311,0,0,0,0,0,0,0,0,0,0,2,4,3,0,,Richard T Crane Technical Preparatory HS,609702,476,2,2,7,7,1270,46081,CRANE HS
2012,46171,1,0.0007,1442,0.9531,213,0.1408,0,0,0,0,0,0,0,0,0,0,4,11,1,0,,Hyde Park Academy High School,609713,1513,4,4,12,11,1390,46171,HYDE PARK HS
2012,47021,15,0.0172,449,0.5155,106,0.1217,0,0,0,0,0,0,0,0,0,0,4,0,2,0,,William Jones College Preparatory High School,609678,871,4,4,2,2,1060,47021,JONES HS
2012,49091,3,0.0054,551,0.9839,106,0.1893,0,0,0,0,0,0,0,0,0,0,2,1,2,0,,Hope College Preparatory High School,609768,560,2,1,3,2,1940,49091,HOPE HS
2012,46181,393,0.1358,2803,0.9689,345,0.1193,0,0,0,0,0,3,0,0,0,0,8,11,3,0,,Thomas Kelly High School,609715,2893,11,10,14,13,1400,46181,KELLY HS
2012,47051,1,0.0013,660,0.8451,51,0.0653,0,0,0,0,0,0,0,0,0,2,3,2,1,0,,Gwendolyn Brooks College Preparatory Academy HS,609726,781,3,2,5,4,1500,47051,BROOKS HS
2012,53011,0,0,175,0.9887,14,0.0791,0,0,0,0,0,0,0,0,0,0,0,2,3,0,,Chicago Vocational Achievement Academy HS,609675,177,0,0,5,0,,53011,CHICAGO AA HS
2012,46341,156,0.0933,1617,0.9671,176,0.1053,0,0,0,0,0,0,0,0,0,0,5,10,1,0,,Gurdon S Hubbard High School,609741,1672,5,3,11,9,1670,46341,HUBBARD HS
2012,47061,208,0.1979,978,0.9305,128,0.1218,0,0,0,0,0,1,0,0,0,0,4,1,0,0,,Nicholas Senn High School,609730,1051,5,5,1,0,1540,47061,SENN HS
2012,46291,192,0.1016,1825,0.9656,288,0.1524,0,0,0,0,0,4,0,0,0,0,6,3,12,0,,Charles P Steinmetz Academic Centre High School,609732,1890,10,9,15,15,1560,46291,STEINMETZ HS
2012,50181,0,0,65,0.9701,8,0.1194,0,0,0,0,0,0,0,0,0,0,0,2,0,0,,Phillips Achievement Academy High School,609743,67,0,0,2,2,7960,50181,PHILLIPS AA HS
2012,46211,86,0.0573,1338,0.8908,144,0.0959,0,0,0,0,0,0,0,0,0,0,5,6,0,0,,Lake View High School,609719,1502,5,5,6,5,1430,46211,LAKE VIEW HS
2012,55191,2,0.0036,523,0.9475,45,0.0815,0,0,0,0,0,0,0,0,0,0,2,1,0,0,,Bronzeville Scholastic Academy High School,610381,552,2,2,1,1,7270,55191,BRONZEVILLE HS
2012,53061,1,0.0007,1419,0.9256,142,0.0926,0,0,0,0,0,1,0,0,0,0,5,4,7,0,,Neal F Simeon Career Academy High School,609692,1533,6,6,11,10,1150,53061,SIMEON HS
2012,26861,21,0.0446,450,0.9554,54,0.1146,0,0,0,0,0,1,0,0,0,0,1,1,3,0,,Uplift Community High School,610394,471,2,1,4,4,2210,26861,UPLIFT HS
2012,31121,1,0.0033,270,0.8852,24,0.0787,0,0,0,0,0,0,0,0,0,0,1,1,0,0,,Thomas A Hendricks Elementary Community Academy,609987,305,1,1,1,1,3930,31121,HENDRICKS
2012,50191,2,0.0029,676,0.9826,140,0.2035,0,0,0,0,0,0,0,0,0,0,1,2,0,0,,Christian Fenger Academy High School,609705,688,1,0,2,1,1310,50191,FENGER HS
2012,46021,81,0.0839,920,0.9524,100,0.1035,0,0,0,0,0,3,0,0,0,0,3,3,0,0,,John Hancock College Preparatory High School,609694,966,6,6,3,3,1200,46021,HANCOCK HS
2012,46061,6,0.0057,386,0.3666,62,0.0589,0,0,0,0,0,2,0,0,0,0,5,2,1,0,,Northside College Preparatory High School,609749,1053,7,7,3,3,1690,46061,NORTHSIDE PREP HS
2012,46381,17,0.032,518,0.9737,43,0.0808,0,0,0,0,0,0,0,0,0,0,2,3,1,0,,George Washington Carver Military Academy HS,609760,532,2,2,4,4,1850,46381,CARVER MILITARY HS
2012,46221,21,0.0048,2776,0.6358,177,0.0405,0,0,0,0,0,1,0,0,0,0,14,15,0,0,,Albert G Lane Technical High School,609720,4366,15,14,15,15,1440,46221,LANE TECH HS
2012,46141,94,0.0894,1026,0.9753,206,0.1958,0,0,0,0,0,0,0,0,0,0,3,4,6,0,,Gage Park High School,609709,1052,3,3,10,10,1340,46141,GAGE PARK HS
2012,53111,0,0,580,0.9683,155,0.2588,0,0,0,0,0,1,0,0,0,0,2,3,1,0,,Manley Career Academy High School,609722,599,3,3,4,3,1460,53111,MANLEY HS
2012,46041,74,0.0446,1575,0.9499,257,0.155,0,0,0,0,0,3,0,0,0,0,6,11,3,0,,William J Bogan High School,609698,1658,9,8,14,14,1230,46041,BOGAN HS
2012,46151,1,0.0016,605,0.9727,148,0.2379,0,0,0,0,0,1,0,0,0,0,2,12,2,0,,William Rainey Harper High School,609711,622,3,2,14,14,1360,46151,HARPER HS
2012,47081,22,0.0135,1302,0.7963,147,0.0899,0,0,0,0,0,1,0,0,0,0,5,8,1,0,Not sure,Friedrich W von Steuben Metropolitan Science HS,609737,1635,6,6,9,8,1610,47081,VON STEUBEN HS
2012,66112,0,0,450,0.8704,70,0.1354,0,0,0,0,0,0,0,0,0,0,0,1,0,0,Chtr,University of Chicago Charter - Woodlawn,400077,517,0,0,1,1,3061,66112,U OF C - WOODLAWN HS
2012,46271,320,0.2138,1450,0.9686,241,0.161,0,0,0,0,0,0,0,0,0,0,5,8,0,0,,Theodore Roosevelt High School,609728,1497,5,5,8,8,1520,46271,ROOSEVELT HS
2012,46331,108,0.0708,1418,0.9298,222,0.1456,0,0,0,0,0,0,0,0,0,0,5,5,1,0,,George Washington High School,609739,1525,5,4,6,5,1630,46331,WASHINGTON HS
2012,70070,3,0.0062,442,0.917,27,0.056,0,0,0,0,0,1,0,0,0,0,2,3,2,0,,Chicago Military Academy High School,609754,482,3,2,5,5,1800,70070,CHICAGO MILITARY HS
2012,50121,5,0.0391,128,1,16,0.125,0,0,0,0,0,0,0,0,0,0,1,1,1,0,,Tilden Achievement Academy High School,610375,128,1,0,2,0,7580,50121,TILDEN AA HS
2012,63081,22,0.0604,353,0.9698,56,0.1538,0,0,0,0,0,0,0,0,0,0,0,1,0,0,,EPIC Academy High School,400094,364,0,0,1,1,8058,63081,EPIC HS
2012,41061,0,0,353,0.9972,77,0.2175,0,0,0,0,0,1,0,0,0,0,1,2,0,0,,Frederick A Douglass Academy High School,610245,354,2,2,2,2,6630,41061,DOUGLASS HS
2012,51091,7,0.038,183,0.9946,17,0.0924,0,0,0,0,0,0,0,0,0,0,3,4,6,0,,Clemente Achievement Academy High School,610401,184,3,3,10,8,7980,51091,CLEMENTE AA HS
2012,47031,0,0,448,0.9846,121,0.2659,0,0,0,0,0,0,0,0,0,0,2,3,0,0,,Emil G Hirsch Metropolitan High School,609712,455,2,2,3,3,1380,47031,HIRSCH HS
2012,22041,9,0.0388,184,0.7931,69,0.2974,0,0,0,0,0,1,0,0,0,0,3,2,0,0,"Unit Code might be wrong, pop seems v small",Alcott High School for the Humanities,610524,232,4,4,2,2,8035,22041,ALCOTT HS
2012,53101,251,0.0755,3146,0.9467,331,0.0996,0,0,0,0,0,4,0,0,0,0,9,6,5,0,,Marie Sklodowska Curie Metropolitan High School,609756,3323,13,10,11,11,1820,53101,CURIE HS
2012,46191,174,0.1392,1216,0.9728,189,0.1512,0,0,0,0,0,1,0,0,0,0,5,7,0,0,,Kelvyn Park High School,609716,1250,6,6,7,7,1410,46191,KELVYN PARK HS
2012,45231,3,0.0099,263,0.8709,22,0.0728,0,0,0,0,0,0,0,0,0,0,2,2,1,0,,Air Force Academy High School,610513,302,2,1,3,3,1055,45231,AIR FORCE HS
2012,23391,36,0.259,131,0.9424,139,1,0,0,0,0,0,0,0,0,0,0,1,2,0,0,,Ray Graham Training Center High School,609769,139,1,1,2,2,3600,23391,GRAHAM HS
2012,55081,2,0.0027,702,0.9603,149,0.2038,0,0,0,0,0,1,0,0,0,0,2,5,5,1,,High School of Leadership at South Shore,610297,731,3,3,11,11,7230,55081,SCHOOL OF LEADRSHP HS
2012,53011,5,0.006,822,0.994,195,0.2358,0,0,0,0,0,0,0,0,0,0,0,2,3,0,,Chicago Vocational Career Academy High School,609674,827,0,0,5,0,1010,53011,CHICAGO VOCATIONAL HS
2012,46281,305,0.129,2245,0.9497,388,0.1641,0,0,0,0,0,1,0,0,0,0,8,5,8,0,,Carl Schurz High School,609729,2364,9,9,13,11,1530,46281,SCHURZ HS
2012,46121,0,0,722,0.9837,161,0.2193,0,0,0,0,0,1,0,0,0,0,2,5,2,0,,Paul Robeson High School,609707,734,3,3,7,7,1320,46121,ROBESON HS
2012,25301,389,0.4356,827,0.9261,80,0.0896,0,0,0,0,0,0,0,0,0,0,1,1,0,0,,William H Seward Communication Arts Academy ES,610167,893,1,1,1,1,5820,25301,SEWARD
2012,46201,80,0.0504,1295,0.8155,296,0.1864,0,0,0,0,0,0,0,0,0,0,5,10,1,1,,John F Kennedy High School,609718,1588,5,5,12,11,1420,46201,KENNEDY HS
2012,46301,215,0.26,770,0.9311,157,0.1898,0,0,0,0,0,2,0,0,0,0,3,4,1,0,,Roger C Sullivan High School,609733,827,5,4,5,2,1570,46301,SULLIVAN HS
2012,70020,4,0.0045,304,0.3435,61,0.0689,0,0,0,0,0,0,0,0,0,0,4,5,1,0,,Walter Payton College Preparatory High School,609680,885,4,4,6,5,1090,70020,PAYTON HS
2012,46431,132,0.1495,844,0.9558,127,0.1438,0,0,0,0,0,0,0,0,0,0,3,6,1,0,,North-Grand High School,609691,883,3,3,7,6,1140,46431,NORTH-GRAND HS
2012,53121,27,0.0583,452,0.9762,97,0.2095,0,0,0,0,0,0,0,0,0,0,2,13,1,0,,Edward Tilden Career Community Academy HS,609735,463,2,0,14,0,1590,53121,TILDEN HS
2012,46361,17,0.0092,1460,0.7888,190,0.1026,0,0,0,0,0,0,0,0,0,0,8,6,5,0,,Kenwood Academy High School,609746,1851,8,7,11,11,1710,46361,KENWOOD HS
2012,46031,177,0.1153,1438,0.9368,232,0.1511,0,0,0,0,0,2,0,0,0,0,4,4,7,0,,Roald Amundsen High School,609695,1535,6,6,11,11,1210,46031,AMUNDSEN HS
2012,46241,283,0.1709,1432,0.8647,199,0.1202,0,0,0,0,0,1,0,0,0,0,6,7,0,0,,Stephen T Mather High School,609724,1656,7,6,7,6,1480,46241,MATHER HS
2012,46131,245,0.1429,1501,0.8752,261,0.1522,0,0,0,0,0,3,0,0,0,0,5,5,7,0,,Edwin G Foreman High School,609708,1715,8,8,12,12,1330,46131,FOREMAN HS
2012,24101,145,0.4589,298,0.943,51,0.1614,0,0,0,0,0,0,0,0,0,0,1,2,0,0,,Rodolfo Lozano Bilingual & International Ctr ES,610029,316,1,1,2,2,4380,24101,LOZANO
2012,51021,1,0.0008,1175,0.9453,211,0.1698,0,0,0,0,0,0,0,0,0,0,5,10,1,0,,John M Harlan Community Academy High School,609710,1243,5,5,11,11,1350,51021,HARLAN HS
2012,25151,487,0.5334,913,1,87,0.0953,0,0,0,0,0,0,0,0,0,0,1,2,0,0,,Cesar E Chavez Multicultural Academic Center ES,610148,913,1,1,2,2,5640,25151,CHAVEZ
2012,46251,1,0.0006,1272,0.8097,205,0.1305,0,0,0,0,0,0,0,0,0,0,5,7,5,0,,Morgan Park High School,609725,1571,5,5,12,12,1490,46251,MORGAN PARK HS
2013,66411,0,0,223,0.9449,55,0.2331,0,0,0,0,0,0,0,0,0,0,2,1,0,0,,Austin Business and Entrepreneurship Academy HS,400018,236,2,2,1,1,7020,66411,AUSTIN BUS & ENTRP HS
2013,63051,1,0.0017,294,0.5043,42,0.072,0,0,0,0,0,0,0,0,0,0,0,1,0,0,,Chicago High School for the Arts,400022,583,0,0,1,1,8047,63051,CHIARTS HS
2013,29411,0,0,423,0.9592,25,0.0567,0,0,0,0,0,1,0,0,0,0,1,1,0,0,,Frazier Preparatory Academy Elementary School,400040,441,2,2,1,1,6650,29411,FRAZIER CHARTER
2013,66112,1,0.0016,515,0.8484,91,0.1499,0,0,0,0,0,0,0,0,0,0,0,1,0,0,Chtr,University of Chicago Charter - Woodlawn,400077,607,0,0,1,1,3061,66112,U OF C - WOODLAWN HS
2013,63081,39,0.0801,473,0.9713,90,0.1848,0,0,0,0,0,0,0,0,0,0,0,1,0,0,,EPIC Academy High School,400094,487,0,0,1,1,8058,63081,EPIC HS
2013,53011,7,0.0073,935,0.9689,211,0.2187,0,0,0,0,0,1,0,0,0,0,3,6,4,0,,Chicago Vocational Career Academy High School,609674,965,4,3,10,10,1010,53011,CHICAGO VOCATIONAL HS
2013,53021,5,0.0038,1304,0.9819,183,0.1378,0,0,0,0,0,2,0,0,0,0,4,8,3,0,,Paul Laurence Dunbar Career Academy High School,609676,1328,6,6,11,11,1030,53021,DUNBAR HS
2013,47021,19,0.0215,425,0.4813,109,0.1234,0,0,0,0,0,0,0,0,0,0,4,5,2,0,,William Jones College Preparatory High School,609678,883,4,4,7,7,1060,47021,JONES HS
2013,53041,42,0.0285,1384,0.9383,137,0.0929,0,0,0,0,0,3,0,0,0,0,5,2,2,0,,Charles Allen Prosser Career Academy High School,609679,1475,8,8,4,4,1070,53041,PROSSER HS
2013,70020,5,0.0058,290,0.3376,58,0.0675,0,0,0,0,0,0,0,0,0,0,4,4,1,0,,Walter Payton College Preparatory High School,609680,859,4,4,5,5,1090,70020,PAYTON HS
2013,53051,65,0.1363,473,0.9916,83,0.174,0,0,0,0,0,2,0,0,0,1,3,2,1,0,,Ellen H Richards Career Academy High School,609682,477,5,5,4,4,1110,53051,RICHARDS HS
2013,53051,65,0.1363,473,0.9916,83,0.174,0,0,0,0,0,0,0,0,0,0,0,1,0,0,,Ellen H Richards Career Academy High School,609682,477,0,0,1,1,1110,53051,RICHARDS HS
2013,46431,152,0.1681,871,0.9635,141,0.156,0,0,0,0,0,1,0,0,0,0,3,5,1,0,,North-Grand High School,609691,904,4,4,6,6,1140,46431,NORTH-GRAND HS
2013,53061,1,0.0007,1418,0.9274,136,0.0889,0,0,0,0,0,0,0,0,0,0,1,2,4,0,,Neal F Simeon Career Academy High School,609692,1529,1,1,6,6,1150,53061,SIMEON HS
2013,53071,21,0.0188,935,0.8378,69,0.0618,0,0,0,0,0,1,0,0,0,0,4,4,1,0,,George Westinghouse High School,609693,1116,5,5,5,5,1160,53071,WESTINGHOUSE HS
2013,46021,96,0.0997,933,0.9688,106,0.1101,0,0,0,0,0,0,0,0,0,0,3,4,0,0,,John Hancock College Preparatory High School,609694,963,3,3,4,4,1200,46021,HANCOCK HS
2013,46031,172,0.1199,1344,0.9372,211,0.1471,0,0,0,0,0,2,0,0,0,0,4,7,0,0,,Roald Amundsen High School,609695,1434,6,6,7,7,1210,46031,AMUNDSEN HS
2013,46041,69,0.049,1332,0.9454,223,0.1583,0,0,0,0,0,0,0,0,0,0,3,7,3,0,,William J Bogan High School,609698,1409,3,3,10,10,1230,46041,BOGAN HS
2013,46041,69,0.049,1332,0.9454,223,0.1583,0,0,0,0,0,0,0,0,0,0,0,1,0,0,,William J Bogan High School,609698,1409,0,0,1,1,1230,46041,BOGAN HS
2013,46081,0,0,343,0.8863,75,0.1938,0,0,0,0,0,0,0,0,0,0,1,2,3,0,,Richard T Crane Technical Preparatory HS,609702,387,1,1,5,5,1270,46081,CRANE HS
2013,53091,223,0.1746,1260,0.9867,235,0.184,0,0,0,0,0,2,0,0,0,0,3,4,8,0,,David G Farragut Career Academy High School,609704,1277,5,5,12,12,1300,53091,FARRAGUT HS
2013,46121,0,0,578,0.978,141,0.2386,0,0,0,0,0,0,0,0,0,0,1,6,0,0,,Paul Robeson High School,609707,591,1,1,6,6,1320,46121,ROBESON HS
2013,46131,243,0.1546,1277,0.8123,268,0.1705,0,0,0,0,0,3,0,0,0,0,4,2,5,0,,Edwin G Foreman High School,609708,1572,7,7,7,7,1330,46131,FOREMAN HS
2013,46131,243,0.1546,1277,0.8123,268,0.1705,0,0,0,0,0,0,0,0,0,0,0,0,1,0,,Edwin G Foreman High School,609708,1572,0,0,1,1,1330,46131,FOREMAN HS
2013,46141,92,0.1102,813,0.9737,158,0.1892,0,0,0,0,0,0,0,0,0,0,0,6,3,0,,Gage Park High School,609709,835,0,0,9,8,1340,46141,GAGE PARK HS
2013,51021,1,0.0009,1086,0.925,215,0.1831,0,0,0,0,0,0,0,0,0,0,4,9,1,0,,John M Harlan Community Academy High School,609710,1174,4,4,10,10,1350,51021,HARLAN HS
2013,46151,1,0.0019,514,0.9923,115,0.222,0,0,0,0,0,2,0,0,0,0,1,9,2,0,,William Rainey Harper High School,609711,518,3,3,11,11,1360,46151,HARPER HS
2013,47031,1,0.0026,379,0.9743,112,0.2879,0,0,0,0,0,0,0,0,0,0,1,5,0,0,,Emil G Hirsch Metropolitan High School,609712,389,1,1,5,5,1380,47031,HIRSCH HS
2013,46171,3,0.0024,1217,0.9744,182,0.1457,0,0,0,0,0,0,0,0,0,0,3,7,1,0,,Hyde Park Academy High School,609713,1249,3,3,8,7,1390,46171,HYDE PARK HS
2013,46181,406,0.1509,2599,0.9658,331,0.123,0,0,0,0,0,3,0,0,0,0,6,6,3,0,,Thomas Kelly High School,609715,2691,9,9,9,9,1400,46181,KELLY HS
2013,46191,165,0.1591,1020,0.9836,161,0.1553,0,0,0,0,0,1,0,0,0,0,1,6,0,0,,Kelvyn Park High School,609716,1037,2,2,6,6,1410,46191,KELVYN PARK HS
2013,46201,78,0.0518,1270,0.8439,291,0.1934,0,0,0,0,0,0,0,0,0,0,3,10,1,0,,John F Kennedy High School,609718,1505,3,3,11,10,1420,46201,KENNEDY HS
2013,46211,96,0.0621,1386,0.8971,166,0.1074,0,0,0,0,0,2,0,0,0,0,2,5,0,0,,Lake View High School,609719,1545,4,4,5,5,1430,46211,LAKE VIEW HS
2013,46221,14,0.0033,2623,0.6143,182,0.0426,0,0,0,0,0,0,0,0,0,0,8,8,1,0,,Albert G Lane Technical High School,609720,4270,8,8,9,8,1440,46221,LANE TECH HS
2013,53111,0,0,439,0.9223,130,0.2731,0,0,0,0,0,1,0,0,0,0,1,3,1,0,,Manley Career Academy High School,609722,476,2,1,4,4,1460,53111,MANLEY HS
2013,47041,1,0.0015,653,0.9645,157,0.2319,0,0,0,0,0,0,0,0,0,0,1,6,0,0,,John Marshall Metropolitan High School,609723,677,1,1,6,6,1470,47041,MARSHALL HS
2013,46241,310,0.1813,1498,0.876,193,0.1129,0,0,0,0,0,0,0,0,0,0,6,6,0,0,,Stephen T Mather High School,609724,1710,6,6,6,6,1480,46241,MATHER HS
2013,46251,1,0.0007,1169,0.8068,175,0.1208,0,0,0,0,0,0,0,0,0,0,6,4,3,0,,Morgan Park High School,609725,1449,6,6,7,7,1490,46251,MORGAN PARK HS
2013,46251,1,0.0007,1169,0.8068,175,0.1208,0,0,0,0,0,0,0,0,0,0,0,0,1,0,,Morgan Park High School,609725,1449,0,0,1,1,1490,46251,MORGAN PARK HS
2013,47051,1,0.0013,563,0.7557,58,0.0779,0,0,0,0,0,0,0,0,0,2,3,3,0,0,,Gwendolyn Brooks College Preparatory Academy HS,609726,745,3,3,5,5,1500,47051,BROOKS HS
2013,46261,2,0.0031,635,0.9815,143,0.221,0,0,0,0,0,0,0,0,0,0,3,8,1,0,,Wendell Phillips Academy High School,609727,647,3,3,9,9,1510,46261,PHILLIPS HS
2013,46271,311,0.2068,1463,0.9727,233,0.1549,0,0,0,0,0,0,0,0,0,0,5,9,0,0,,Theodore Roosevelt High School,609728,1504,5,5,9,9,1520,46271,ROOSEVELT HS
2013,46281,308,0.1286,2267,0.9466,403,0.1683,0,0,0,0,0,0,0,0,0,0,7,5,5,0,,Carl Schurz High School,609729,2395,7,7,10,10,1530,46281,SCHURZ HS
2013,46281,308,0.1286,2267,0.9466,403,0.1683,0,0,0,0,0,0,0,0,0,0,0,1,0,0,,Carl Schurz High School,609729,2395,0,0,1,1,1530,46281,SCHURZ HS
2013,47061,165,0.1579,944,0.9033,119,0.1139,0,0,0,0,0,1,0,0,0,0,3,1,2,0,,Nicholas Senn High School,609730,1045,4,4,3,3,1540,47061,SENN HS
2013,47061,165,0.1579,944,0.9033,119,0.1139,0,0,0,0,0,0,0,0,0,0,0,1,0,0,,Nicholas Senn High School,609730,1045,0,0,1,1,1540,47061,SENN HS
2013,46291,202,0.1108,1721,0.944,271,0.1487,0,0,0,0,0,1,0,0,0,0,6,4,10,0,,Charles P Steinmetz College Preparatory HS,609732,1823,7,7,14,14,1560,46291,STEINMETZ HS
2013,46301,222,0.2734,768,0.9458,153,0.1884,0,0,0,0,0,0,0,0,0,0,3,3,1,0,,Roger C Sullivan High School,609733,812,3,2,4,3,1570,46301,SULLIVAN HS
2013,46301,222,0.2734,768,0.9458,153,0.1884,0,0,0,0,0,0,0,0,0,0,0,1,0,0,,Roger C Sullivan High School,609733,812,0,0,1,1,1570,46301,SULLIVAN HS
2013,51071,173,0.0558,1929,0.6227,394,0.1272,0,0,0,0,0,0,0,0,0,0,1,6,0,0,,William Howard Taft High School,609734,3098,1,1,6,6,1580,51071,TAFT HS
2013,53121,18,0.045,389,0.9725,70,0.175,0,0,0,0,0,0,0,0,0,0,2,10,2,0,,Edward Tilden Career Community Academy HS,609735,400,2,2,12,12,1590,53121,TILDEN HS
2013,66021,0,0,158,0.9405,40,0.2381,0,0,0,0,0,0,0,0,0,0,1,5,0,0,,Dyett High School,609736,168,1,1,5,5,1600,66021,DYETT HS
2013,47081,13,0.0079,1288,0.7787,167,0.101,0,0,0,0,0,1,0,0,0,0,5,5,1,0,Not sure,Friedrich W von Steuben Metropolitan Science HS,609737,1654,6,6,6,6,1610,47081,VON STEUBEN HS
2013,46321,34,0.0152,1256,0.5625,155,0.0694,0,0,0,0,0,1,0,0,0,0,7,9,1,0,,Lincoln Park High School,609738,2233,8,8,10,10,1620,46321,LINCOLN PARK HS
2013,46331,121,0.0775,1447,0.9264,222,0.1421,0,0,0,0,0,0,0,0,0,0,3,7,3,0,,George Washington High School,609739,1562,3,2,10,9,1630,46331,WASHINGTON HS
2013,51071,61,0.0998,599,0.9804,122,0.1997,0,0,0,0,0,0,0,0,0,0,1,6,0,0,,Wells Community Academy High School,609740,611,1,1,6,6,1640,51071,WELLS HS
2013,46341,200,0.122,1611,0.9829,183,0.1117,0,0,0,0,0,0,0,0,0,0,5,11,1,0,,Gurdon S Hubbard High School,609741,1639,5,5,12,11,1670,46341,HUBBARD HS
2013,49031,15,0.0743,194,0.9604,202,1,0,0,0,0,0,0,0,0,0,0,3,1,1,0,,Southside Occupational Academy High School,609745,202,3,3,2,2,1700,49031,SOUTHSIDE HS
2013,46361,16,0.0087,1391,0.7564,183,0.0995,0,0,0,0,0,1,0,0,0,0,4,5,3,0,,Kenwood Academy High School,609746,1839,5,5,8,8,1710,46361,KENWOOD HS
2013,46061,7,0.0065,399,0.3729,65,0.0607,0,0,0,0,0,2,0,0,0,0,4,2,1,0,,Northside College Preparatory High School,609749,1070,6,6,3,3,1690,46061,NORTHSIDE PREP HS
2013,46371,6,0.0068,695,0.7907,75,0.0853,0,0,0,0,0,0,0,0,0,0,2,3,3,0,,Dr  Martin Luther King  Jr  College Prep HS,609751,879,2,2,6,5,1760,46371,KING HS
2013,70070,5,0.0107,419,0.8991,31,0.0665,0,0,0,0,0,1,0,0,0,0,2,2,2,0,,Chicago Military Academy High School,609754,466,3,3,4,4,1800,70070,CHICAGO MILITARY HS
2013,47101,21,0.0095,1036,0.4703,158,0.0717,0,0,0,0,0,0,0,0,0,0,7,4,3,0,,Whitney M Young Magnet High School,609755,2203,7,7,7,7,6520,47101,YOUNG HS
2013,53101,228,0.0745,2884,0.9425,330,0.1078,0,0,0,0,0,4,0,0,0,0,8,6,5,0,,Marie Sklodowska Curie Metropolitan High School,609756,3060,12,12,11,11,1820,53101,CURIE HS
2013,51091,66,0.0741,871,0.9776,178,0.1998,0,0,0,0,0,0,0,0,0,0,2,5,4,0,,Roberto Clemente Community Academy High School,609759,891,2,2,9,9,1840,51091,CLEMENTE HS
2013,46381,12,0.0226,518,0.9755,50,0.0942,0,0,0,0,0,0,0,0,0,0,2,3,1,0,,George Washington Carver Military Academy HS,609760,531,2,2,4,4,1850,46381,CARVER MILITARY HS
2013,46391,3,0.0054,536,0.9606,135,0.2419,0,0,0,0,0,0,0,0,0,0,1,5,0,0,,George H Corliss High School,609761,558,1,1,5,5,1860,46391,CORLISS HS
2013,46401,0,0,1122,0.9614,178,0.1525,0,0,0,0,0,0,0,0,0,0,4,7,1,0,,Percy L Julian High School,609762,1167,4,4,8,8,1870,46401,JULIAN HS
2013,46421,246,0.1374,1742,0.9732,238,0.133,0,0,0,0,0,0,0,0,0,0,6,5,1,0,,Benito Juarez Community Academy High School,609764,1790,6,6,6,5,1890,46421,JUAREZ HS
2013,49081,67,0.3206,178,0.8517,209,1,0,0,0,0,0,0,0,0,0,0,1,1,1,0,,Jacqueline B Vaughn Occupational High School,609766,209,1,1,2,2,1920,49081,VAUGHN HS
2013,49091,4,0.0079,496,0.9783,101,0.1992,0,0,0,0,0,0,0,0,0,0,2,4,2,0,,Hope College Preparatory High School,609768,507,2,2,6,6,1940,49091,HOPE HS
2013,23391,32,0.2759,109,0.9397,116,1,0,0,0,0,0,0,0,0,0,0,1,2,0,0,,Ray Graham Training Center High School,609769,116,1,1,2,2,3600,23391,GRAHAM HS
2013,31121,3,0.0105,277,0.9652,25,0.0871,0,0,0,0,0,0,0,0,0,0,1,1,0,0,,Thomas A Hendricks Elementary Community Academy,609987,287,1,1,1,1,3930,31121,HENDRICKS
2013,24101,136,0.4373,295,0.9486,46,0.1479,0,0,0,0,0,0,0,0,0,0,1,2,0,0,,Rodolfo Lozano Bilingual & International Ctr ES,610029,311,1,1,2,2,4380,24101,LOZANO
2013,25151,481,0.5133,927,0.9893,97,0.1035,0,0,0,0,0,0,0,0,0,0,1,2,0,0,,Cesar E Chavez Multicultural Academic Center ES,610148,937,1,1,2,2,5640,25151,CHAVEZ
2013,25301,370,0.4333,783,0.9169,74,0.0867,0,0,0,0,0,0,0,0,0,0,1,1,0,0,,William H Seward Communication Arts Academy ES,610167,854,1,1,1,1,5820,25301,SEWARD
2013,41051,1,0.0017,555,0.9669,75,0.1307,0,0,0,0,0,1,0,0,0,0,1,8,1,0,,Michele Clark Academic Prep Magnet High School,610244,574,2,2,9,9,6620,41051,CLARK HS
2013,41061,1,0.0032,316,1,64,0.2025,0,0,0,0,0,1,0,0,0,0,1,2,0,0,,Frederick A Douglass Academy High School,610245,316,2,2,2,2,6630,41061,DOUGLASS HS
2013,55081,1,0.0024,399,0.9708,70,0.1703,0,0,0,0,0,0,0,0,0,0,1,1,4,0,,High School of Leadership at South Shore,610297,411,1,1,5,5,7230,55081,SCHOOL OF LEADRSHP HS
2013,55011,7,0.0163,406,0.9464,40,0.0932,0,0,0,0,0,0,0,0,0,0,2,2,1,0,,Phoenix Military Academy High School,610304,429,2,2,3,3,7310,55011,PHOENIX MILITARY HS
2013,46471,7,0.0134,487,0.9294,118,0.2252,0,0,0,0,0,0,0,0,0,0,2,4,0,0,,Al Raby High School,610334,524,2,2,4,4,7690,46471,RABY HS
2013,46481,27,0.0522,438,0.8472,87,0.1683,0,0,0,0,0,1,0,0,0,0,1,2,0,0,,Chicago Academy High School,610340,517,2,2,2,2,7770,46481,CHICAGO ACADEMY HS
2013,25451,23,0.1192,191,0.9896,25,0.1295,0,0,0,0,0,0,0,0,0,0,1,0,1,0,,Spry Community Links High School,610357,193,1,1,1,1,6010,25451,SPRY HS
2013,55161,0,0,286,0.9408,16,0.0526,0,0,0,0,0,0,0,0,0,0,1,6,0,0,,Daniel Hale Williams Prep School of Medicine,610380,304,1,1,6,5,7200,55161,WILLIAMS HS
2013,55191,2,0.0038,503,0.9509,43,0.0813,0,0,0,0,0,0,0,0,0,0,2,1,0,0,,Bronzeville Scholastic Academy High School,610381,529,2,2,1,1,7270,55191,BRONZEVILLE HS
2013,28151,13,0.0192,647,0.9571,180,0.2663,0,0,0,0,0,0,0,0,0,0,1,11,0,0,,Orr Academy High School,610389,676,1,1,11,11,1830,28151,ORR HS
2013,45221,12,0.0251,413,0.8622,44,0.0919,0,0,0,0,0,0,0,0,0,0,3,1,0,0,,Hyman G Rickover Naval Academy High School,610390,479,3,3,1,1,7140,45221,RICKOVER MILITARY HS
2013,46511,7,0.0067,748,0.7206,53,0.0511,0,0,0,0,0,1,0,0,0,0,3,4,1,0,,Robert Lindblom Math & Science Academy HS,610391,1038,4,4,5,5,7110,46511,LINDBLOM HS
2013,52011,74,0.1995,342,0.9218,55,0.1482,0,0,0,0,0,0,0,0,0,0,2,1,0,0,,World Language Academy High School,610392,371,2,2,1,0,4460,52011,WORLD LANGUAGE HS
2013,26861,25,0.0608,378,0.9197,67,0.163,0,0,0,0,0,0,0,0,0,0,1,1,3,0,,Uplift Community High School,610394,411,1,1,4,4,2210,26861,UPLIFT HS
2013,49131,1,0.0023,422,0.9746,72,0.1663,0,0,0,0,0,0,0,0,0,0,3,3,2,0,,Collins Academy High School,610499,433,3,3,5,5,1045,49131,COLLINS HS
2013,49151,5,0.0133,360,0.9574,35,0.0931,0,0,0,0,0,0,0,0,0,0,2,1,1,0,,Marine Military Math and Science Academy,610502,376,2,2,2,2,1085,49151,MARINE MILITARY HS
2013,49161,1,0.0025,394,0.9924,72,0.1814,0,0,0,0,0,0,0,0,0,0,1,4,1,0,,TEAM Englewood Community Academy High School,610506,397,1,1,5,5,8080,49161,TEAM HS
2013,45231,5,0.0127,339,0.8626,35,0.0891,0,0,0,0,0,0,0,0,0,0,2,2,1,0,,Air Force Academy High School,610513,393,2,2,3,3,1055,45231,AIR FORCE HS
2013,22041,9,0.0335,211,0.7844,92,0.342,0,0,0,0,0,0,0,0,0,0,3,2,0,0,"Unit Code might be wrong, pop seems v small",Alcott High School for the Humanities,610524,269,3,3,2,2,8035,22041,ALCOTT HS
2013,24731,50,0.0655,393,0.5151,103,0.135,0,0,0,0,0,0,0,0,0,0,4,2,1,0,,Ogden International High School,610529,763,4,4,3,3,8083,24731,OGDEN HS
2013,24381,0,0,59,0.9833,16,0.2667,0,0,0,0,0,0,0,0,0,0,1,1,0,0,,Mason High School,610535,60,1,1,1,1,4650,24381,MASON HS
2014,24101,130,0.448275862068966,158,0.544827586206897,64,0.220689655172414,0,0,0,0,0,0,0,0,0,0,1,2,0,0,,Rodolfo Lozano Bilingual & International Ctr ES,610029,290,1,1,2,2,4380,24101,LOZANO
2014,25151,477,0.503695881731785,930,0.982048574445618,96,0.101372756071806,0,0,0,0,0,0,0,0,0,0,1,2,0,0,,Cesar E Chavez Multicultural Academic Center ES,610148,947,1,1,2,2,5640,25151,CHAVEZ
2014,46251,1,0.000698812019567,1150,0.803633822501747,172,0.120195667365479,0,0,0,0,0,0,0,0,0,0,6,6,4,0,,Morgan Park High School,609725,1431,6,6,10,8,1490,46251,MORGAN PARK HS
2014,47031,1,0.003663003663004,265,0.970695970695971,78,0.285714285714286,0,0,0,0,0,0,0,0,0,0,1,4,1,0,,Emil G Hirsch Metropolitan High School,609712,273,1,1,5,3,1380,47031,HIRSCH HS
2014,22041,12,0.04270462633452,227,0.807829181494662,86,0.306049822064057,0,0,0,0,0,0,0,0,0,0,3,2,0,0,"Unit Code might be wrong, pop seems v small",Alcott High School for the Humanities,610524,281,3,3,2,2,8035,22041,ALCOTT HS
2014,46321,19,0.008520179372197,1199,0.537668161434978,165,0.073991031390135,0,0,0,0,0,1,0,0,0,0,7,9,1,0,,Lincoln Park High School,609738,2230,8,7,10,9,1620,46321,LINCOLN PARK HS
2014,53011,12,0.012121212121212,968,0.977777777777778,233,0.235353535353535,0,0,0,0,0,1,0,0,0,0,2,7,5,0,,Chicago Vocational Career Academy High School,609674,990,3,3,12,11,1010,53011,CHICAGO VOCATIONAL HS
2014,46121,0,0,370,0.994623655913978,93,0.25,0,0,0,0,0,0,0,0,0,0,1,6,0,0,,Paul Robeson High School,609707,372,1,1,6,5,1320,46121,ROBESON HS
2014,66411,0,0,178,0.956989247311828,42,0.225806451612903,0,0,0,0,0,0,0,0,0,0,2,1,0,0,,Austin Business and Entrepreneurship Academy HS,400018,186,2,2,1,1,7020,66411,AUSTIN BUS & ENTRP HS
2014,49131,2,0.005208333333333,374,0.973958333333333,71,0.184895833333333,0,0,0,0,0,0,0,0,0,0,2,3,2,0,,Collins Academy High School,610499,384,2,1,5,5,1045,49131,COLLINS HS
2014,47101,31,0.014116575591986,890,0.40528233151184,155,0.070582877959927,0,0,0,0,0,0,0,0,0,0,7,4,3,0,,Whitney M Young Magnet High School,609755,2196,7,7,7,6,6520,47101,YOUNG HS
2014,53091,273,0.248181818181818,1086,0.987272727272727,218,0.198181818181818,0,0,0,0,0,2,0,0,0,0,3,4,8,0,,David G Farragut Career Academy High School,609704,1100,5,5,12,11,1300,53091,FARRAGUT HS
2014,70020,6,0.007326007326007,253,0.308913308913309,52,0.063492063492064,0,0,0,0,0,0,0,0,0,0,4,4,1,0,,Walter Payton College Preparatory High School,609680,819,4,4,5,4,1090,70020,PAYTON HS
2014,51091,75,0.106990014265335,680,0.970042796005706,151,0.215406562054208,0,0,0,0,0,0,0,0,0,0,4,5,3,0,,Roberto Clemente Community Academy High School,609759,701,4,3,8,7,1840,51091,CLEMENTE HS
2014,46431,175,0.192307692307692,878,0.964835164835165,159,0.174725274725275,0,0,0,0,0,1,0,0,0,0,3,5,1,0,,North-Grand High School,609691,910,4,4,6,5,1140,46431,NORTH-GRAND HS
2014,46481,27,0.052123552123552,440,0.849420849420849,90,0.173745173745174,0,0,0,0,0,1,0,0,0,0,2,2,0,0,,Chicago Academy High School,610340,518,3,3,2,2,7770,46481,CHICAGO ACADEMY HS
2014,53071,21,0.018666666666667,942,0.837333333333333,71,0.063111111111111,0,0,0,0,0,1,0,0,0,0,4,4,1,0,,George Westinghouse College Prep,609693,1125,5,4,5,5,1160,53071,WESTINGHOUSE HS
2014,53051,57,0.148051948051948,379,0.984415584415584,90,0.233766233766234,0,0,0,0,0,2,0,0,0,1,3,3,1,0,,Ellen H Richards Career Academy High School,609682,385,5,3,5,5,1110,53051,RICHARDS HS
2014,46391,7,0.014084507042254,479,0.963782696177062,130,0.261569416498994,0,0,0,0,0,1,0,0,0,0,1,5,0,0,,George H Corliss High School,609761,497,2,1,5,5,1860,46391,CORLISS HS
2014,24731,40,0.051020408163265,358,0.456632653061224,102,0.130102040816327,0,0,0,0,0,1,0,0,0,0,4,2,1,0,,Ogden International High School,610529,784,5,5,3,2,8083,24731,OGDEN HS
2014,25451,28,0.148148148148148,186,0.984126984126984,23,0.121693121693122,0,0,0,0,0,0,0,0,0,0,1,0,1,0,,Spry Community Links High School,610357,189,1,1,1,1,6010,25451,SPRY HS
2014,47041,1,0.001602564102564,493,0.790064102564102,164,0.262820512820513,0,0,0,0,0,0,0,0,0,0,1,6,0,0,,John Marshall Metropolitan High School,609723,624,1,1,6,6,1470,47041,MARSHALL HS
2014,49031,29,0.12719298245614,206,0.903508771929825,228,1,0,0,0,0,0,0,0,0,0,0,2,1,1,0,,Southside Occupational Academy High School,609745,228,2,2,2,2,1700,49031,SOUTHSIDE HS
2014,51021,1,0.001089324618736,825,0.898692810457516,178,0.193899782135076,0,0,0,0,0,0,0,0,0,0,4,9,1,0,,John M Harlan Community Academy High School,609710,918,4,3,10,7,1350,51021,HARLAN HS
2014,51071,193,0.060406885758999,1930,0.604068857589984,388,0.121439749608764,0,0,0,0,0,0,0,0,0,0,1,7,0,0,,William Howard Taft High School,609734,3195,1,1,7,7,1580,51071,TAFT HS
2014,51071,56,0.093959731543624,560,0.939597315436242,134,0.224832214765101,0,0,0,0,0,0,0,0,0,0,1,7,0,0,,Wells Community Academy High School,609740,596,1,1,7,7,1640,51071,WELLS HS
2014,46261,8,0.011940298507463,651,0.971641791044776,136,0.202985074626866,0,0,0,0,0,0,0,0,0,0,4,7,1,0,,Wendell Phillips Academy High School,609727,670,4,4,8,7,1510,46261,PHILLIPS HS
2014,46371,10,0.012437810945274,615,0.764925373134328,76,0.09452736318408,0,0,0,0,0,0,0,0,0,0,2,3,3,0,,Dr  Martin Luther King  Jr  College Prep HS,609751,804,2,2,6,5,1760,46371,KING HS
2014,46401,1,0.000946073793756,1014,0.959318826868496,181,0.17123935666982,0,0,0,0,0,0,0,0,0,0,4,7,1,0,,Percy L Julian High School,609762,1057,4,3,8,8,1870,46401,JULIAN HS
2014,41051,0,0,490,0.981963927855711,65,0.130260521042084,0,0,0,0,0,0,0,0,0,0,1,7,2,0,,Michele Clark Academic Prep Magnet High School,610244,499,1,0,9,8,6620,41051,CLARK HS
2014,46471,8,0.015594541910331,390,0.760233918128655,124,0.241715399610136,0,0,0,0,0,0,0,0,0,0,2,5,0,0,,Al Raby High School,610334,513,2,2,5,5,7690,46471,RABY HS
2014,49161,1,0.002457002457002,342,0.84029484029484,72,0.176904176904177,0,0,0,0,0,0,0,0,0,0,1,4,1,0,,TEAM Englewood Community Academy High School,610506,407,1,1,5,5,8080,49161,TEAM HS
2014,28151,20,0.030911901081917,449,0.693972179289026,145,0.224111282843895,0,0,0,0,0,0,0,0,0,0,1,11,0,0,,Orr Academy High School,610389,647,1,1,11,9,1830,28151,ORR HS
2014,53021,4,0.003367003367003,1160,0.976430976430976,194,0.163299663299663,0,0,0,0,0,2,0,0,0,0,4,8,3,0,,Paul Laurence Dunbar Career Academy High School,609676,1188,6,6,11,10,1030,53021,DUNBAR HS
2014,49081,78,0.364485981308411,176,0.822429906542056,214,1,0,0,0,0,0,0,0,0,0,0,1,1,1,0,,Jacqueline B Vaughn Occupational High School,609766,214,1,1,2,2,1920,49081,VAUGHN HS
2014,29411,0,0,413,0.905701754385965,21,0.046052631578947,0,0,0,0,0,1,0,0,0,0,1,2,0,0,,Frazier Preparatory Academy Elementary School,400040,456,2,2,2,1,6650,29411,FRAZIER CHARTER
2014,46421,222,0.131828978622328,1625,0.964964370546318,235,0.139548693586698,0,0,0,0,0,0,0,0,0,0,6,5,1,0,,Benito Juarez Community Academy High School,609764,1684,6,6,6,5,1890,46421,JUAREZ HS
2014,46511,9,0.007785467128028,798,0.690311418685121,55,0.04757785467128,0,0,0,0,0,1,0,0,0,0,3,4,1,0,,Robert Lindblom Math & Science Academy HS,610391,1156,4,4,5,5,7110,46511,LINDBLOM HS
2014,46171,2,0.001998001998002,955,0.954045954045954,159,0.158841158841159,0,0,0,0,0,0,0,0,0,0,3,6,2,0,,Hyde Park Academy High School,609713,1001,3,2,8,7,1390,46171,HYDE PARK HS
2014,47021,23,0.020462633451957,535,0.475978647686833,118,0.104982206405694,0,0,0,0,0,0,0,0,0,0,4,5,2,0,,William Jones College Preparatory High School,609678,1124,4,4,7,7,1060,47021,JONES HS
2014,49091,9,0.023017902813299,386,0.987212276214834,87,0.222506393861893,0,0,0,0,0,0,0,0,0,0,2,4,2,0,,Hope College Preparatory High School,609768,391,2,1,6,5,1940,49091,HOPE HS
2014,46341,184,0.113931888544892,1595,0.987616099071207,191,0.118266253869969,0,0,0,0,0,0,0,0,0,0,5,11,1,0,,Gurdon S Hubbard High School,609741,1615,5,5,12,10,1670,46341,HUBBARD HS
2014,47061,123,0.105851979345955,1032,0.888123924268503,129,0.111015490533563,0,0,0,0,0,1,0,0,0,0,4,2,2,0,,Nicholas Senn High School,609730,1162,5,5,4,4,1540,47061,SENN HS
2014,46211,64,0.044568245125348,1260,0.877437325905292,177,0.123259052924791,0,0,0,0,0,2,0,0,0,0,3,5,0,0,,Lake View High School,609719,1436,5,4,5,5,1430,46211,LAKE VIEW HS
2014,55191,4,0.007751937984496,472,0.914728682170543,55,0.106589147286822,0,0,0,0,0,0,0,0,0,0,2,1,0,0,,Bronzeville Scholastic Academy High School,610381,516,2,2,1,1,7270,55191,BRONZEVILLE HS
2014,53061,2,0.001363326516701,1357,0.925017041581459,133,0.0906612133606,0,0,0,0,0,0,0,0,0,0,1,2,4,0,,Neal F Simeon Career Academy High School,609692,1467,1,1,6,6,1150,53061,SIMEON HS
2014,53041,63,0.041611624834875,1411,0.931968295904888,159,0.105019815059445,0,0,0,0,0,3,0,0,0,0,5,2,2,0,,Charles Allen Prosser Career Academy High School,609679,1514,8,8,4,4,1070,53041,PROSSER HS
2014,49151,11,0.027431421446384,387,0.965087281795511,39,0.097256857855362,0,0,0,0,0,1,0,0,0,0,2,1,2,0,,Marine Military Math and Science Academy,610502,401,3,3,3,3,1085,49151,MARINE MILITARY HS
2014,55011,14,0.028169014084507,479,0.963782696177062,50,0.100603621730382,0,0,0,0,0,0,0,0,0,0,2,2,1,0,,Phoenix Military Academy High School,610304,497,2,2,3,3,7310,55011,PHOENIX MILITARY HS
2014,26861,19,0.053672316384181,336,0.949152542372881,79,0.22316384180791,0,0,0,0,0,0,0,0,0,0,1,1,2,0,,Uplift Community High School,610394,354,1,1,3,3,2210,26861,UPLIFT HS
2014,31121,4,0.014760147601476,264,0.974169741697417,46,0.169741697416974,0,0,0,0,0,0,0,0,0,0,1,1,0,0,,Thomas A Hendricks Elementary Community Academy,609987,271,1,1,1,1,3930,31121,HENDRICKS
2014,46061,6,0.005612722170253,399,0.373246024321796,65,0.060804490177736,0,0,0,0,0,2,0,0,0,0,4,2,1,0,,Northside College Preparatory High School,609749,1069,6,5,3,3,1690,46061,NORTHSIDE PREP HS
2014,46381,13,0.024574669187146,506,0.956521739130435,46,0.086956521739131,0,0,0,0,0,0,0,0,0,0,2,3,1,0,,George Washington Carver Military Academy HS,609760,529,2,2,4,3,1850,46381,CARVER MILITARY HS
2014,66021,0,0,79,0.951807228915663,23,0.27710843373494,0,0,0,0,0,0,0,0,0,0,1,5,0,0,,Dyett High School,609736,83,1,1,5,2,1600,66021,DYETT HS
2014,46221,25,0.006067961165049,2413,0.585679611650485,163,0.039563106796117,0,0,0,0,0,0,0,0,0,0,8,7,1,0,,Albert G Lane Technical High School,609720,4120,8,5,8,8,1440,46221,LANE TECH HS
2014,46141,76,0.123980424143556,602,0.98205546492659,122,0.199021207177814,0,0,0,0,0,0,0,0,0,0,1,7,3,0,,Gage Park High School,609709,613,1,1,10,9,1340,46141,GAGE PARK HS
2014,46041,83,0.074439461883408,561,0.503139013452915,204,0.182959641255605,0,0,0,0,0,0,0,0,0,0,3,8,3,0,,William J Bogan High School,609698,1115,3,2,11,9,1230,46041,BOGAN HS
2014,47081,24,0.014405762304922,1315,0.789315726290516,152,0.091236494597839,0,0,0,0,0,1,0,0,0,0,5,5,1,0,Not sure,Friedrich W von Steuben Metropolitan Science HS,609737,1666,6,6,6,6,1610,47081,VON STEUBEN HS
2014,46081,0,0,150,0.925925925925926,41,0.253086419753086,0,0,0,0,0,0,0,0,0,0,1,2,3,0,,Richard T Crane Technical Preparatory HS,609702,162,1,1,5,5,1270,46081,CRANE HS
2014,66112,0,0,533,0.840694006309148,100,0.157728706624606,0,0,0,0,0,0,0,0,0,0,0,1,0,0,Chtr,University of Chicago Charter - Woodlawn,400077,634,0,0,1,1,3061,66112,U OF C - WOODLAWN HS
2014,46331,117,0.074856046065259,1409,0.901471529110685,216,0.138195777351248,0,0,0,0,0,0,0,0,0,0,4,7,3,0,,George Washington High School,609739,1563,4,4,10,8,1630,46331,WASHINGTON HS
2014,47051,1,0.001277139208174,591,0.754789272030651,41,0.052362707535121,0,0,0,0,0,0,0,0,0,2,3,3,0,0,,Gwendolyn Brooks College Preparatory Academy HS,609726,783,3,3,5,5,1500,47051,BROOKS HS
2014,46181,478,0.188411509657075,2364,0.931809223492314,292,0.115096570752858,0,0,0,0,0,3,0,0,0,0,8,6,3,0,,Thomas Kelly High School,609715,2537,11,11,9,9,1400,46181,KELLY HS
2014,46271,303,0.210855949895616,1398,0.97286012526096,227,0.157967988865692,0,0,0,0,0,0,0,0,0,0,5,9,0,0,,Theodore Roosevelt High School,609728,1437,5,5,9,8,1520,46271,ROOSEVELT HS
2014,70070,7,0.017283950617284,358,0.883950617283951,35,0.08641975308642,0,0,0,0,0,1,0,0,0,0,2,2,2,0,,Chicago Military Academy High School,609754,405,3,3,4,4,1800,70070,CHICAGO MILITARY HS
2014,63081,37,0.075050709939148,470,0.953346855983773,95,0.192697768762677,0,0,0,0,0,0,0,0,0,0,0,1,0,0,,EPIC Academy High School,400094,493,0,0,1,1,8058,63081,EPIC HS
2014,41061,1,0.003436426116838,209,0.718213058419244,67,0.230240549828179,0,0,0,0,0,1,0,0,0,0,1,2,1,0,,Frederick A Douglass Academy High School,610245,291,2,2,3,2,6630,41061,DOUGLASS HS
2014,45221,5,0.009861932938856,432,0.85207100591716,42,0.082840236686391,0,0,0,0,0,0,0,0,0,0,3,1,0,0,,Hyman G Rickover Naval Academy High School,610390,507,3,3,1,1,7140,45221,RICKOVER MILITARY HS
2014,53101,230,0.077129443326627,2825,0.947350771294433,310,0.103957075788062,0,0,0,0,0,5,0,0,0,0,9,8,5,0,,Marie Sklodowska Curie Metropolitan High School,609756,2982,14,14,13,13,1820,53101,CURIE HS
2014,46291,209,0.115533443891653,1689,0.933665008291874,264,0.145936981757877,0,0,0,0,0,1,0,0,0,0,6,3,10,0,,Charles P Steinmetz College Preparatory HS,609732,1809,7,6,13,13,1560,46291,STEINMETZ HS
2014,46191,149,0.167415730337079,855,0.960674157303371,155,0.174157303370787,0,0,0,0,0,1,0,0,0,0,2,7,0,0,,Kelvyn Park High School,609716,890,3,3,7,6,1410,46191,KELVYN PARK HS
2014,52011,64,0.181303116147309,342,0.968838526912181,47,0.13314447592068,0,0,0,0,0,0,0,0,0,0,2,1,0,0,,World Language Academy High School,610392,353,2,2,1,0,4460,52011,WORLD LANGUAGE HS
2014,23391,40,0.32520325203252,107,0.869918699186992,123,1,0,0,0,0,0,0,0,0,0,0,1,2,0,0,,Ray Graham Training Center High School,609769,123,1,1,2,2,3600,23391,GRAHAM HS
2014,45231,7,0.018970189701897,327,0.886178861788618,34,0.092140921409214,0,0,0,0,0,0,0,0,0,0,2,3,1,0,,Air Force Academy High School,610513,369,2,2,4,3,1055,45231,AIR FORCE HS
2014,55081,0,0,133,0.992537313432836,25,0.186567164179104,0,0,0,0,0,0,0,0,0,0,1,1,4,0,,High School of Leadership at South Shore,610297,134,1,1,5,0,7230,55081,SCHOOL OF LEADRSHP HS
2014,46201,105,0.069721115537849,1296,0.860557768924303,291,0.193227091633466,0,0,0,0,0,0,0,0,0,0,3,12,1,0,,John F Kennedy High School,609718,1506,3,3,13,12,1420,46201,KENNEDY HS
2014,46021,86,0.092672413793104,893,0.962284482758621,108,0.116379310344828,0,0,0,0,0,0,0,0,0,0,3,4,0,0,,John Hancock College Preparatory High School,609694,928,3,3,4,4,1200,46021,HANCOCK HS
2014,25301,384,0.452296819787986,843,0.992932862190813,74,0.08716136631331,0,0,0,0,0,0,0,0,0,0,1,1,0,0,,William H Seward Communication Arts Academy ES,610167,849,1,1,1,0,5820,25301,SEWARD
2014,46281,318,0.133669609079445,2269,0.953762084909626,410,0.172341319882304,0,0,0,0,0,0,0,0,0,0,7,6,5,0,,Carl Schurz High School,609729,2379,7,6,11,10,1530,46281,SCHURZ HS
2014,46301,171,0.241525423728814,668,0.943502824858757,163,0.230225988700565,0,0,0,0,0,0,0,0,0,0,2,4,1,0,,Roger C Sullivan High School,609733,708,2,2,5,4,1570,46301,SULLIVAN HS
2014,55161,0,0,263,0.876666666666667,17,0.056666666666667,0,0,0,0,0,0,0,0,0,0,1,6,0,0,,Daniel Hale Williams Prep School of Medicine,610380,300,1,1,6,6,7200,55161,WILLIAMS HS
2014,53121,9,0.026086956521739,337,0.976811594202898,89,0.257971014492754,0,0,0,0,0,0,0,0,0,0,2,8,2,0,,Edward Tilden Career Community Academy HS,609735,345,2,1,10,6,1590,53121,TILDEN HS
2014,53111,0,0,344,0.764444444444445,122,0.271111111111111,0,0,0,0,0,1,0,0,0,0,1,3,1,0,,Manley Career Academy High School,609722,450,2,2,4,4,1460,53111,MANLEY HS
2014,46151,1,0.002074688796681,473,0.981327800829876,115,0.238589211618257,0,0,0,0,0,2,0,0,0,0,2,9,2,0,,William Rainey Harper High School,609711,482,4,3,11,11,1360,46151,HARPER HS
2014,46361,16,0.008820286659316,1313,0.723814773980154,151,0.083241455347299,0,0,0,0,0,1,0,0,0,0,4,5,3,0,,Kenwood Academy High School,609746,1814,5,5,8,8,1710,46361,KENWOOD HS
2014,46031,133,0.105055292259084,1172,0.925750394944708,168,0.132701421800948,0,0,0,0,0,2,0,0,0,0,4,7,0,0,,Roald Amundsen High School,609695,1266,6,4,7,5,1210,46031,AMUNDSEN HS
2014,63051,1,0.001739130434783,276,0.48,48,0.083478260869565,0,0,0,0,0,0,0,0,0,0,0,1,0,0,,Chicago High School for the Arts,400022,575,0,0,1,1,8047,63051,CHIARTS HS
2014,46241,310,0.191004313000616,1432,0.882316697473814,187,0.115218730745533,0,0,0,0,0,0,0,0,0,0,6,6,0,0,,Stephen T Mather High School,609724,1623,6,6,6,6,1480,46241,MATHER HS
2014,46131,263,0.174518911745189,1417,0.940278699402787,240,0.159256801592568,0,0,0,0,0,4,0,0,0,0,4,2,7,0,,Edwin G Foreman High School,609708,1507,8,6,9,8,1330,46131,FOREMAN HS
