,Year,Dept/Unit Number,Job Title_Chief Safety & Security OFF,Job Title_Flex Team Security Officer,Job Title_Safety And Security Off,Job Title_School Security Officer,Job Title_Senior School Security Officer,Job Title_Senior Security Officer,Total Security,Total Security_Filled,Job Title_Career Counseling Manager,Job Title_Director of Counseling,"Job Title_Director, School Counseling & Post Secondary Advising",Job Title_Guidance Counselor Assistant,Job Title_HS Counseling Specialist,Job Title_K‚Äê8 Counseling Specialist,Job Title_Manager-Secdry Schl Counselng,Job Title_School Counselor,Total Counseling,Total Counseling_Filled,School ID,pos_name_0,School,Total,Bilingual_N,Bilingual_P,IEP_N,IEP_P,Free_Lunch_N,Free_Lunch_P,Job Title_Cntrl Office Security Officer,Job Title_K-8 Counseling Specialist
0,2010,24101,0,0,0,2,0,0,2,2,0,0,0,0,0,0,0,0,0,0,610029,LOZANO,Lozano Bilingual,335,173,0.516417910447761,55,0.164179104477612,296,0.883582089552239,0,0
1,2011,24101,0,0,0,2,0,0,2,2,0,0,0,1,0,0,0,1,2,1,610029,LOZANO,Rodolfo Lozano Bilingual & International Ctr ES,316,145,0.4589,51,0.1614,298,0.943,0,0
2,2012,24101,0,0,0,2,0,0,2,2,0,0,0,0,0,0,0,1,1,1,610029,LOZANO,Rodolfo Lozano Bilingual & International Ctr ES,311,136,0.4373,46,0.1479,295,0.9486,0,0
3,2013,24101,0,0,0,2,0,0,2,2,0,0,0,0,0,0,0,1,1,1,610029,LOZANO,Rodolfo Lozano Bilingual & International Ctr ES,290,130,0.448275862068966,64,0.220689655172414,158,0.544827586206897,0,0
4,2014,24101,0,0,0,2,0,0,2,2,0,0,0,0,0,0,0,1,1,1,610029,LOZANO,Rodolfo Lozano Bilingual & International Ctr ES,262,131,0.5,67,0.2557,246,0.9389,0,0
5,2010,25151,0,0,0,2,0,0,2,2,0,0,0,0,0,0,0,0,0,0,610148,CHAVEZ,Chavez,877,409,0.46636259977195,90,0.102622576966933,867,0.988597491448119,0,0
6,2011,25151,0,0,0,2,0,0,2,2,0,0,0,0,0,0,0,1,1,1,610148,CHAVEZ,Cesar E Chavez Multicultural Academic Center ES,913,487,0.5334,87,0.0953,913,1,0,0
7,2012,25151,0,0,0,2,0,0,2,2,0,0,0,0,0,0,0,1,1,1,610148,CHAVEZ,Cesar E Chavez Multicultural Academic Center ES,937,481,0.5133,97,0.1035,927,0.9893,0,0
8,2013,25151,0,0,0,2,0,0,2,2,0,0,0,0,0,0,0,1,1,1,610148,CHAVEZ,Cesar E Chavez Multicultural Academic Center ES,947,477,0.503695881731785,96,0.101372756071806,930,0.982048574445618,0,0
9,2014,25151,0,0,0,2,0,0,2,2,0,0,0,0,0,0,0,1,1,1,610148,CHAVEZ,Cesar E Chavez Multicultural Academic Center ES,959,476,0.4964,103,0.1074,949,0.9896,0,0
10,2010,25301,0,0,0,1,0,0,1,1,0,0,0,0,0,0,0,0,0,0,610167,SEWARD,Seward,872,262,0.30045871559633,76,0.087155963302752,839,0.962155963302752,0,0
11,2011,25301,0,0,0,1,0,0,1,1,0,0,0,0,0,0,0,1,1,1,610167,SEWARD,William H Seward Communication Arts Academy ES,893,389,0.4356,80,0.0896,827,0.9261,0,0
12,2012,25301,0,0,0,1,0,0,1,1,0,0,0,0,0,0,0,1,1,1,610167,SEWARD,William H Seward Communication Arts Academy ES,854,370,0.4333,74,0.0867,783,0.9169,0,0
13,2013,25301,0,0,0,1,0,0,1,1,0,0,0,0,0,0,0,1,1,1,610167,SEWARD,William H Seward Communication Arts Academy ES,849,384,0.452296819787986,74,0.08716136631331,843,0.992932862190813,0,0
14,2014,25301,0,0,0,1,0,0,1,0,0,0,0,0,0,0,0,1,1,1,610167,SEWARD,William H Seward Communication Arts Academy ES,817,342,0.4186,79,0.0967,816,0.9988,0,0
15,2010,26861,0,0,0,1,0,0,1,1,0,0,0,1,0,0,0,0,1,1,610394,UPLIFT HS,Uplift Community HS,520,17,0.032692307692308,66,0.126923076923077,476,0.915384615384615,0,0
16,2011,26861,0,0,0,1,0,0,1,1,0,0,0,1,0,0,0,2,3,2,610394,UPLIFT HS,Uplift Community High School,471,21,0.0446,54,0.1146,450,0.9554,0,0
17,2012,26861,0,0,0,1,3,0,4,4,0,0,0,1,0,0,0,1,2,1,610394,UPLIFT HS,Uplift Community High School,411,25,0.0608,67,0.163,378,0.9197,0,0
18,2013,26861,0,0,0,1,3,0,4,4,0,0,0,0,0,0,0,1,1,1,610394,UPLIFT HS,Uplift Community High School,354,19,0.053672316384181,79,0.22316384180791,336,0.949152542372881,0,0
19,2014,26861,0,0,0,1,2,0,3,3,0,0,0,0,0,0,0,1,1,1,610394,UPLIFT HS,Uplift Community High School,326,18,0.0552,85,0.2607,313,0.9601,0,0
20,2010,31121,0,0,0,1,0,0,1,1,0,0,0,0,0,0,0,0,0,0,609987,HENDRICKS,Hendricks,340,1,0.002941176470588,27,0.079411764705882,332,0.976470588235294,0,0
21,2011,31121,0,0,0,1,0,0,1,1,0,0,0,0,0,0,0,1,1,1,609987,HENDRICKS,Thomas A Hendricks Elementary Community Academy,305,1,0.0033,24,0.0787,270,0.8852,0,0
22,2012,31121,0,0,0,1,0,0,1,1,0,0,0,0,0,0,0,1,1,1,609987,HENDRICKS,Thomas A Hendricks Elementary Community Academy,287,3,0.0105,25,0.0871,277,0.9652,0,0
23,2013,31121,0,0,0,1,0,0,1,1,0,0,0,0,0,0,0,1,1,1,609987,HENDRICKS,Thomas A Hendricks Elementary Community Academy,271,4,0.014760147601476,46,0.169741697416974,264,0.974169741697417,0,0
24,2014,31121,0,0,0,1,0,0,1,1,0,0,0,0,0,0,0,1,1,1,609987,HENDRICKS,Thomas A Hendricks Elementary Community Academy,262,6,0.0229,46,0.1756,253,0.9656,0,0
25,2010,41051,0,0,0,8,0,0,8,8,0,0,0,0,0,0,0,0,0,0,610244,CLARK HS,Clark Magnet HS,942,2,0.002123142250531,116,0.123142250530786,776,0.823779193205945,0,0
26,2011,41051,0,0,0,6,0,0,6,6,0,0,0,2,0,0,0,4,6,5,610244,CLARK HS,Michele Clark Academic Prep Magnet High School,733,0,0,93,0.1269,693,0.9454,0,0
27,2012,41051,0,0,0,8,1,0,9,6,0,0,0,2,0,0,0,2,4,4,610244,CLARK HS,Michele Clark Academic Prep Magnet High School,574,1,0.0017,75,0.1307,555,0.9669,0,0
28,2013,41051,0,0,0,8,1,0,9,9,0,0,0,1,0,0,0,1,2,2,610244,CLARK HS,Michele Clark Academic Prep Magnet High School,499,0,0,65,0.130260521042084,490,0.981963927855711,0,0
29,2014,41051,0,0,0,7,2,0,9,8,0,0,0,0,0,0,0,1,1,0,610244,CLARK HS,Michele Clark Academic Prep Magnet High School,511,0,0,63,0.1233,506,0.9902,0,0
30,2010,41061,0,0,0,2,0,0,2,2,0,0,0,2,0,0,0,0,2,2,610245,DOUGLASS HS,Douglass HS,383,0,0,87,0.227154046997389,369,0.963446475195822,0,0
31,2011,41061,0,0,0,2,0,0,2,2,0,0,0,1,0,0,0,1,2,1,610245,DOUGLASS HS,Frederick A Douglass Academy High School,354,0,0,77,0.2175,353,0.9972,0,0
32,2012,41061,0,0,0,2,0,0,2,2,0,0,0,1,0,0,0,1,2,2,610245,DOUGLASS HS,Frederick A Douglass Academy High School,316,1,0.0032,64,0.2025,316,1,0,0
33,2013,41061,0,0,0,2,0,0,2,2,0,0,0,1,0,0,0,1,2,2,610245,DOUGLASS HS,Frederick A Douglass Academy High School,291,1,0.003436426116838,67,0.230240549828179,209,0.718213058419244,0,0
34,2014,41061,0,0,0,2,1,0,3,2,0,0,0,1,0,0,0,1,2,2,610245,DOUGLASS HS,Frederick A Douglass Academy High School,243,2,0.0082,61,0.251,236,0.9712,0,0
35,2013,45221,0,0,0,1,0,0,1,1,0,0,0,0,0,0,0,3,3,3,610390,RICKOVER MILITARY HS,Hyman G Rickover Naval Academy High School,507,5,0.009861932938856,42,0.082840236686391,432,0.85207100591716,0,0
36,2014,45221,0,0,0,1,0,0,1,1,0,0,0,0,0,0,0,3,3,3,610390,RICKOVER MILITARY HS,Hyman G Rickover Naval Academy High School,553,22,0.0398,46,0.0832,481,0.8698,0,0
37,2010,46031,0,0,0,4,0,0,4,4,0,0,0,2,0,0,0,0,2,2,609695,AMUNDSEN HS,Amundsen HS,1645,186,0.11306990881459,251,0.15258358662614,1249,0.759270516717325,0,0
38,2011,46031,0,0,0,4,0,0,4,4,0,0,0,2,0,0,0,5,7,7,609695,AMUNDSEN HS,Roald Amundsen High School,1535,177,0.1153,232,0.1511,1438,0.9368,0,0
39,2012,46031,0,0,0,4,7,0,11,11,0,0,0,2,0,0,0,4,6,6,609695,AMUNDSEN HS,Roald Amundsen High School,1434,172,0.1199,211,0.1471,1344,0.9372,0,0
40,2013,46031,0,0,0,7,0,0,7,7,0,0,0,2,0,0,0,4,6,6,609695,AMUNDSEN HS,Roald Amundsen High School,1266,133,0.105055292259084,168,0.132701421800948,1172,0.925750394944708,0,0
41,2014,46031,0,0,0,7,0,0,7,5,0,0,0,2,0,0,0,4,6,4,609695,AMUNDSEN HS,Roald Amundsen High School,1132,138,0.1219,159,0.1405,1056,0.9329,0,0
42,2010,46041,0,0,0,11,0,0,11,11,0,0,0,4,0,0,0,0,4,4,609698,BOGAN HS,Bogan Tech HS,1786,94,0.052631578947369,272,0.152295632698768,1601,0.896416573348264,0,0
43,2011,46041,0,0,0,11,0,0,11,11,0,0,0,4,0,0,0,5,9,9,609698,BOGAN HS,William J Bogan High School,1658,74,0.0446,257,0.155,1575,0.9499,0,0
44,2012,46041,0,0,0,11,3,0,14,14,0,0,0,3,0,0,0,6,9,8,609698,BOGAN HS,William J Bogan High School,1409,69,0.049,223,0.1583,1332,0.9454,0,0
45,2013,46041,0,0,0,7,3,0,10,10,0,0,0,0,0,0,0,3,3,3,609698,BOGAN HS,William J Bogan High School,1115,83,0.074439461883408,204,0.182959641255605,561,0.503139013452915,0,0
46,2013,46041,0,0,0,1,0,0,1,1,0,0,0,0,0,0,0,0,0,0,609698,BOGAN HS,William J Bogan High School,1115,83,0.074439461883408,204,0.182959641255605,561,0.503139013452915,0,0
47,2014,46041,0,0,0,8,3,0,11,9,0,0,0,0,0,0,0,3,3,2,609698,BOGAN HS,William J Bogan High School,952,76,0.0798,187,0.1964,886,0.9307,0,0
48,2010,46081,0,0,0,5,0,0,5,5,0,0,0,0,0,0,0,0,0,0,609702,CRANE HS,Crane Tech HS,513,1,0.001949317738791,120,0.233918128654971,419,0.816764132553606,0,0
49,2011,46081,0,0,0,4,0,0,4,3,0,0,0,0,0,0,0,2,2,2,609702,CRANE HS,Richard T Crane Technical Preparatory HS,476,1,0.0021,110,0.2311,457,0.9601,0,0
50,2012,46081,0,0,0,4,3,0,7,7,0,0,0,0,0,0,0,2,2,2,609702,CRANE HS,Richard T Crane Technical Preparatory HS,387,0,0,75,0.1938,343,0.8863,0,0
51,2013,46081,0,0,0,2,3,0,5,5,0,0,0,0,0,0,0,1,1,1,609702,CRANE HS,Richard T Crane Technical Preparatory HS,162,0,0,41,0.253086419753086,150,0.925925925925926,0,0
52,2014,46081,0,0,0,2,3,0,5,5,0,0,0,0,0,0,0,1,1,1,609702,CRANE HS,Richard T Crane Technical Preparatory HS,57,0,0,10,0.1754,56,0.9825,0,0
53,2010,46131,0,0,0,5,0,0,5,5,0,0,0,2,0,0,0,0,2,2,609708,FOREMAN HS,Foreman HS,1831,217,0.118514472965593,268,0.146368104860732,1555,0.849262697979246,0,0
54,2011,46131,0,0,0,5,0,0,5,5,0,0,0,2,0,0,0,5,7,6,609708,FOREMAN HS,Edwin G Foreman High School,1715,245,0.1429,261,0.1522,1501,0.8752,0,0
55,2012,46131,0,0,0,5,7,0,12,12,0,0,0,3,0,0,0,5,8,8,609708,FOREMAN HS,Edwin G Foreman High School,1572,243,0.1546,268,0.1705,1277,0.8123,0,0
56,2013,46131,0,0,0,2,5,0,7,7,0,0,0,3,0,0,0,4,7,7,609708,FOREMAN HS,Edwin G Foreman High School,1507,263,0.174518911745189,240,0.159256801592568,1417,0.940278699402787,0,0
57,2013,46131,0,0,0,0,1,0,1,1,0,0,0,0,0,0,0,0,0,0,609708,FOREMAN HS,Edwin G Foreman High School,1507,263,0.174518911745189,240,0.159256801592568,1417,0.940278699402787,0,0
58,2014,46131,0,0,0,2,7,0,9,8,0,0,0,4,0,0,0,4,8,6,609708,FOREMAN HS,Edwin G Foreman High School,1276,229,0.1795,221,0.1732,1229,0.9632,0,0
59,2010,46221,0,0,0,18,0,0,18,18,0,0,0,1,0,0,0,0,1,1,609720,LANE TECH HS,Lane Tech HS,4165,27,0.006482593037215,184,0.044177671068427,2459,0.590396158463385,0,0
60,2011,46221,0,0,0,15,0,0,15,15,0,0,0,1,0,0,0,14,15,14,609720,LANE TECH HS,Albert G Lane Technical High School,4366,21,0.0048,177,0.0405,2776,0.6358,0,0
61,2012,46221,0,0,0,15,0,0,15,15,0,0,0,1,0,0,0,14,15,14,609720,LANE TECH HS,Albert G Lane Technical High School,4270,14,0.0033,182,0.0426,2623,0.6143,0,0
62,2013,46221,0,0,0,8,1,0,9,8,0,0,0,0,0,0,0,8,8,8,609720,LANE TECH HS,Albert G Lane Technical High School,4120,25,0.006067961165049,163,0.039563106796117,2413,0.585679611650485,0,0
63,2014,46221,0,0,0,7,1,0,8,8,0,0,0,0,0,0,0,8,8,5,609720,LANE TECH HS,Albert G Lane Technical High School,4071,16,0.0039,186,0.0457,2384,0.5856,0,0
64,2010,46241,0,0,0,6,0,0,6,6,0,0,0,1,0,0,0,0,1,1,609724,MATHER HS,Mather HS,1603,259,0.161572052401747,208,0.12975670617592,1346,0.83967560823456,0,0
65,2011,46241,0,0,0,7,0,0,7,7,0,0,0,1,0,0,0,6,7,7,609724,MATHER HS,Stephen T Mather High School,1656,283,0.1709,199,0.1202,1432,0.8647,0,0
66,2012,46241,0,0,0,7,0,0,7,6,0,0,0,1,0,0,0,6,7,6,609724,MATHER HS,Stephen T Mather High School,1710,310,0.1813,193,0.1129,1498,0.876,0,0
67,2013,46241,0,0,0,6,0,0,6,6,0,0,0,0,0,0,0,6,6,6,609724,MATHER HS,Stephen T Mather High School,1623,310,0.191004313000616,187,0.115218730745533,1432,0.882316697473814,0,0
68,2014,46241,0,0,0,6,0,0,6,6,0,0,0,0,0,0,0,6,6,6,609724,MATHER HS,Stephen T Mather High School,1579,333,0.2109,170,0.1077,1437,0.9101,0,0
69,2010,46271,0,0,0,5,0,0,5,5,0,0,0,0,0,0,0,0,0,0,609728,ROOSEVELT HS,Roosevelt HS,1430,306,0.213986013986014,243,0.16993006993007,1135,0.793706293706294,0,0
70,2011,46271,0,0,0,6,0,0,6,5,0,0,0,0,0,0,0,3,3,3,609728,ROOSEVELT HS,Theodore Roosevelt High School,1497,320,0.2138,241,0.161,1450,0.9686,0,0
71,2012,46271,0,0,0,8,0,0,8,8,0,0,0,0,0,0,0,5,5,5,609728,ROOSEVELT HS,Theodore Roosevelt High School,1504,311,0.2068,233,0.1549,1463,0.9727,0,0
72,2013,46271,0,0,0,9,0,0,9,9,0,0,0,0,0,0,0,5,5,5,609728,ROOSEVELT HS,Theodore Roosevelt High School,1437,303,0.210855949895616,227,0.157967988865692,1398,0.97286012526096,0,0
73,2014,46271,0,0,0,9,0,0,9,8,0,0,0,0,0,0,0,5,5,5,609728,ROOSEVELT HS,Theodore Roosevelt High School,1357,293,0.2159,229,0.1688,1311,0.9661,0,0
74,2010,46291,0,0,0,3,0,0,3,3,0,0,0,2,0,0,0,0,2,2,609732,STEINMETZ HS,Steinmetz HS,1889,175,0.092641609317099,257,0.136050820539968,1662,0.879830598200106,0,0
75,2011,46291,0,0,0,3,0,0,3,3,0,0,0,3,0,0,0,6,9,9,609732,STEINMETZ HS,Charles P Steinmetz Academic Centre High School,1890,192,0.1016,288,0.1524,1825,0.9656,0,0
76,2012,46291,0,0,0,3,12,0,15,15,0,0,0,4,0,0,0,6,10,9,609732,STEINMETZ HS,Charles P Steinmetz College Preparatory HS,1823,202,0.1108,271,0.1487,1721,0.944,0,0
77,2013,46291,0,0,0,4,10,0,14,14,0,0,0,1,0,0,0,6,7,7,609732,STEINMETZ HS,Charles P Steinmetz College Preparatory HS,1809,209,0.115533443891653,264,0.145936981757877,1689,0.933665008291874,0,0
78,2014,46291,0,0,0,3,10,0,13,13,0,0,0,1,0,0,0,6,7,6,609732,STEINMETZ HS,Charles P Steinmetz College Preparatory HS,1709,244,0.1428,265,0.1551,1599,0.9356,0,0
79,2010,46301,0,0,0,4,0,0,4,3,0,0,0,3,0,0,0,0,3,3,609733,SULLIVAN HS,Sullivan HS,764,192,0.25130890052356,147,0.192408376963351,722,0.945026178010471,0,0
80,2011,46301,0,0,0,1,0,0,1,1,0,0,0,1,0,0,0,3,4,4,609733,SULLIVAN HS,Roger C Sullivan High School,827,215,0.26,157,0.1898,770,0.9311,0,0
81,2012,46301,0,0,0,4,1,0,5,2,0,0,0,2,0,0,0,3,5,4,609733,SULLIVAN HS,Roger C Sullivan High School,812,222,0.2734,153,0.1884,768,0.9458,0,0
82,2013,46301,0,0,0,3,1,0,4,3,0,0,0,0,0,0,0,3,3,2,609733,SULLIVAN HS,Roger C Sullivan High School,708,171,0.241525423728814,163,0.230225988700565,668,0.943502824858757,0,0
83,2013,46301,0,0,0,1,0,0,1,1,0,0,0,0,0,0,0,0,0,0,609733,SULLIVAN HS,Roger C Sullivan High School,708,171,0.241525423728814,163,0.230225988700565,668,0.943502824858757,0,0
84,2014,46301,0,0,0,4,1,0,5,4,0,0,0,0,0,0,0,2,2,2,609733,SULLIVAN HS,Roger C Sullivan High School,574,177,0.3084,123,0.2143,544,0.9477,0,0
85,2010,46331,0,0,0,2,0,0,2,2,0,0,0,0,0,0,0,0,0,0,609739,WASHINGTON HS,Washington G. HS,1442,106,0.073509015256588,219,0.151872399445215,1210,0.839112343966713,0,0
86,2011,46331,0,0,0,8,0,0,8,5,0,0,0,1,0,0,0,5,6,6,609739,WASHINGTON HS,George Washington High School,1525,108,0.0708,222,0.1456,1418,0.9298,0,0
87,2012,46331,0,0,0,5,1,0,6,5,0,0,0,0,0,0,0,5,5,4,609739,WASHINGTON HS,George Washington High School,1562,121,0.0775,222,0.1421,1447,0.9264,0,0
88,2013,46331,0,0,0,7,3,0,10,9,0,0,0,0,0,0,0,3,3,2,609739,WASHINGTON HS,George Washington High School,1563,117,0.074856046065259,216,0.138195777351248,1409,0.901471529110685,0,0
89,2014,46331,0,0,0,7,3,0,10,8,0,0,0,0,0,0,0,4,4,4,609739,WASHINGTON HS,George Washington High School,1474,109,0.0739,215,0.1459,1367,0.9274,0,0
90,2010,46341,0,0,0,11,0,0,11,11,0,0,0,0,0,0,0,0,0,0,609741,HUBBARD HS,Hubbard HS,1689,121,0.071640023682653,155,0.091770278271166,1572,0.930728241563055,0,0
91,2011,46341,0,0,0,10,0,0,10,10,0,0,0,0,0,0,0,5,5,5,609741,HUBBARD HS,Gurdon S Hubbard High School,1672,156,0.0933,176,0.1053,1617,0.9671,0,0
92,2012,46341,0,0,0,10,1,0,11,9,0,0,0,0,0,0,0,5,5,3,609741,HUBBARD HS,Gurdon S Hubbard High School,1639,200,0.122,183,0.1117,1611,0.9829,0,0
93,2013,46341,0,0,0,11,1,0,12,11,0,0,0,0,0,0,0,5,5,5,609741,HUBBARD HS,Gurdon S Hubbard High School,1615,184,0.113931888544892,191,0.118266253869969,1595,0.987616099071207,0,0
94,2014,46341,0,0,0,11,1,0,12,10,0,0,0,0,0,0,0,5,5,5,609741,HUBBARD HS,Gurdon S Hubbard High School,1701,207,0.1217,209,0.1229,1663,0.9777,0,0
95,2010,46391,0,0,0,7,0,0,7,7,0,0,0,1,0,0,0,0,1,1,609761,CORLISS HS,Corliss HS,747,0,0,155,0.207496653279786,624,0.835341365461847,0,0
96,2011,46391,0,0,0,4,0,0,4,3,0,0,0,1,0,0,0,2,3,3,609761,CORLISS HS,George H Corliss High School,622,1,0.0016,138,0.2219,593,0.9534,0,0
97,2012,46391,0,0,0,3,0,0,3,3,0,0,0,1,0,0,0,2,3,3,609761,CORLISS HS,George H Corliss High School,558,3,0.0054,135,0.2419,536,0.9606,0,0
98,2013,46391,0,0,0,5,0,0,5,5,0,0,0,0,0,0,0,1,1,1,609761,CORLISS HS,George H Corliss High School,497,7,0.014084507042254,130,0.261569416498994,479,0.963782696177062,0,0
99,2014,46391,0,0,0,5,0,0,5,5,0,0,0,1,0,0,0,1,2,1,609761,CORLISS HS,George H Corliss High School,421,5,0.0119,109,0.2589,409,0.9715,0,0
100,2010,46481,0,0,0,2,0,0,2,2,0,0,0,1,0,0,0,0,1,1,610340,CHICAGO ACADEMY HS,Chicago Acad HS,501,12,0.023952095808383,80,0.159680638722555,408,0.81437125748503,0,0
101,2011,46481,0,0,0,2,0,0,2,2,0,0,0,1,0,0,0,2,3,3,610340,CHICAGO ACADEMY HS,Chicago Academy High School,503,15,0.0298,77,0.1531,418,0.831,0,0
102,2012,46481,0,0,0,2,0,0,2,2,0,0,0,1,0,0,0,2,3,3,610340,CHICAGO ACADEMY HS,Chicago Academy High School,517,27,0.0522,87,0.1683,438,0.8472,0,0
103,2013,46481,0,0,0,2,0,0,2,2,0,0,0,1,0,0,0,1,2,2,610340,CHICAGO ACADEMY HS,Chicago Academy High School,518,27,0.052123552123552,90,0.173745173745174,440,0.849420849420849,0,0
104,2014,46481,0,0,0,2,0,0,2,2,0,0,0,1,0,0,0,2,3,3,610340,CHICAGO ACADEMY HS,Chicago Academy High School,526,30,0.057,94,0.1787,446,0.8479,0,0
105,2010,46511,0,0,0,5,0,0,5,5,0,0,0,1,0,0,0,0,1,1,609721,LINDBLOM COLL PREP H,Lindblom MSHS,872,3,0.003440366972477,44,0.05045871559633,594,0.681192660550459,0,0
106,2010,46511,0,0,0,5,0,0,5,5,0,0,0,1,0,0,0,0,1,1,610391,LINDBLOM HS,Lindblom MSHS,872,3,0.003440366972477,44,0.05045871559633,594,0.681192660550459,0,0
107,2011,46511,0,0,0,5,0,0,5,5,0,0,0,1,0,0,0,3,4,4,610391,LINDBLOM HS,Robert Lindblom Math & Science Academy HS,908,10,0.011,43,0.0474,678,0.7467,0,0
108,2012,46511,0,0,0,5,1,0,6,6,0,0,0,1,0,0,0,3,4,4,610391,LINDBLOM HS,Robert Lindblom Math & Science Academy HS,1038,7,0.0067,53,0.0511,748,0.7206,0,0
109,2013,46511,0,0,0,4,1,0,5,5,0,0,0,1,0,0,0,3,4,4,610391,LINDBLOM HS,Robert Lindblom Math & Science Academy HS,1156,9,0.007785467128028,55,0.04757785467128,798,0.690311418685121,0,0
110,2014,46511,0,0,0,4,1,0,5,5,0,0,0,1,0,0,0,3,4,4,610391,LINDBLOM HS,Robert Lindblom Math & Science Academy HS,1175,14,0.0119,57,0.0485,793,0.6749,0,0
111,2010,47031,0,0,0,6,0,0,6,6,0,0,0,0,0,0,0,0,0,0,609712,HIRSCH HS,Hirsch HS,501,0,0,132,0.263473053892216,492,0.982035928143712,0,0
112,2011,47031,0,0,0,6,0,0,6,6,0,0,0,0,0,0,0,2,2,2,609712,HIRSCH HS,Emil G Hirsch Metropolitan High School,455,0,0,121,0.2659,448,0.9846,0,0
113,2012,47031,0,0,0,3,0,0,3,3,0,0,0,0,0,0,0,2,2,2,609712,HIRSCH HS,Emil G Hirsch Metropolitan High School,389,1,0.0026,112,0.2879,379,0.9743,0,0
114,2013,47031,0,0,0,5,0,0,5,5,0,0,0,0,0,0,0,1,1,1,609712,HIRSCH HS,Emil G Hirsch Metropolitan High School,273,1,0.003663003663004,78,0.285714285714286,265,0.970695970695971,0,0
115,2014,47031,0,0,0,4,1,0,5,3,0,0,0,0,0,0,0,1,1,1,609712,HIRSCH HS,Emil G Hirsch Metropolitan High School,201,0,0,68,0.3383,200,0.995,0,0
116,2010,47041,0,0,0,18,0,0,18,18,0,0,0,0,0,0,0,0,0,0,609723,MARSHALL HS,Marshall HS,772,2,0.00259067357513,192,0.248704663212435,542,0.702072538860104,0,0
117,2011,47041,0,0,0,14,0,0,14,14,0,0,0,0,0,0,0,3,3,3,609723,MARSHALL HS,John Marshall Metropolitan High School,730,1,0.0014,172,0.2356,692,0.9479,0,0
118,2012,47041,0,0,0,17,0,0,17,16,0,0,0,0,0,0,0,2,2,1,609723,MARSHALL HS,John Marshall Metropolitan High School,677,1,0.0015,157,0.2319,653,0.9645,0,0
119,2013,47041,0,0,0,6,0,0,6,6,0,0,0,0,0,0,0,1,1,1,609723,MARSHALL HS,John Marshall Metropolitan High School,624,1,0.001602564102564,164,0.262820512820513,493,0.790064102564102,0,0
120,2014,47041,0,0,0,6,0,0,6,6,0,0,0,0,0,0,0,1,1,1,609723,MARSHALL HS,John Marshall Metropolitan High School,514,1,0.0019,135,0.2626,431,0.8385,0,0
121,2012,47061,0,0,0,1,0,0,1,0,0,0,0,1,0,0,0,4,5,5,609730,SENN HS,Nicholas Senn High School,1045,165,0.1579,119,0.1139,944,0.9033,0,0
122,2013,47061,0,0,0,1,2,0,3,3,0,0,0,1,0,0,0,3,4,4,609730,SENN HS,Nicholas Senn High School,1162,123,0.105851979345955,129,0.111015490533563,1032,0.888123924268503,0,0
123,2013,47061,0,0,0,1,0,0,1,1,0,0,0,0,0,0,0,0,0,0,609730,SENN HS,Nicholas Senn High School,1162,123,0.105851979345955,129,0.111015490533563,1032,0.888123924268503,0,0
124,2014,47061,0,0,0,2,2,0,4,4,0,0,0,1,0,0,0,4,5,5,609730,SENN HS,Nicholas Senn High School,1281,187,0.146,147,0.1148,1120,0.8743,0,0
125,2010,47081,0,0,0,7,0,0,7,6,0,0,0,0,0,0,0,0,0,0,609737,VON STEUBEN HS,Von Steuben HS,1631,23,0.014101778050276,142,0.087063151440834,1185,0.726548129981606,0,0
126,2011,47081,0,0,0,6,0,0,6,6,0,0,0,1,0,0,0,5,6,6,609737,VON STEUBEN HS,Friedrich W von Steuben Metropolitan Science HS,1635,22,0.0135,147,0.0899,1302,0.7963,0,0
127,2012,47081,0,0,0,8,1,0,9,8,0,0,0,1,0,0,0,5,6,6,609737,VON STEUBEN HS,Friedrich W von Steuben Metropolitan Science HS,1654,13,0.0079,167,0.101,1288,0.7787,0,0
128,2013,47081,0,0,0,5,1,0,6,6,0,0,0,1,0,0,0,5,6,6,609737,VON STEUBEN HS,Friedrich W von Steuben Metropolitan Science HS,1666,24,0.014405762304922,152,0.091236494597839,1315,0.789315726290516,0,0
129,2014,47081,0,0,0,5,1,0,6,6,0,0,0,1,0,0,0,5,6,6,609737,VON STEUBEN HS,Friedrich W von Steuben Metropolitan Science HS,1687,28,0.0166,142,0.0842,1320,0.7825,0,0
130,2010,47101,0,0,0,3,0,0,3,3,0,0,0,0,0,0,0,0,0,0,609755,YOUNG HS,Young,1210,39,0.032231404958678,144,0.11900826446281,1186,0.980165289256198,0,0
131,2011,47101,0,0,0,3,0,0,3,3,0,0,0,0,0,0,0,10,10,8,609755,YOUNG HS,Whitney M Young Magnet High School,2165,18,0.0083,136,0.0628,986,0.4554,0,0
132,2012,47101,0,0,0,3,4,0,7,6,0,0,0,0,0,0,0,10,10,7,609755,YOUNG HS,Whitney M Young Magnet High School,2203,21,0.0095,158,0.0717,1036,0.4703,0,0
133,2013,47101,0,0,0,4,3,0,7,7,0,0,0,0,0,0,0,7,7,7,609755,YOUNG HS,Whitney M Young Magnet High School,2196,31,0.014116575591986,155,0.070582877959927,890,0.40528233151184,0,0
134,2014,47101,0,0,0,4,3,0,7,6,0,0,0,0,0,0,0,7,7,7,609755,YOUNG HS,Whitney M Young Magnet High School,2209,24,0.0109,155,0.0702,917,0.4151,0,0
135,2010,49031,0,0,0,2,0,0,2,2,0,0,0,0,0,0,0,0,0,0,609745,SOUTHSIDE HS,Southside Occp HS,196,22,0.112244897959184,196,1,158,0.806122448979592,0,0
136,2011,49031,0,0,0,2,0,0,2,2,0,0,0,0,0,0,0,2,2,1,609745,SOUTHSIDE HS,Southside Occupational Academy High School,201,13,0.0647,201,1,200,0.995,0,0
137,2012,49031,0,0,0,2,0,0,2,2,0,0,0,0,0,0,0,3,3,2,609745,SOUTHSIDE HS,Southside Occupational Academy High School,202,15,0.0743,202,1,194,0.9604,0,0
138,2013,49031,0,0,0,1,1,0,2,2,0,0,0,0,0,0,0,3,3,3,609745,SOUTHSIDE HS,Southside Occupational Academy High School,228,29,0.12719298245614,228,1,206,0.903508771929825,0,0
139,2014,49031,0,0,0,1,1,0,2,2,0,0,0,0,0,0,0,2,2,2,609745,SOUTHSIDE HS,Southside Occupational Academy High School,206,18,0.0874,206,1,195,0.9466,0,0
140,2010,50161,0,0,0,3,0,0,3,3,0,0,0,0,0,0,0,0,0,0,610378,CRANE AA,Crane AA HS,244,1,0.004098360655738,15,0.061475409836066,199,0.815573770491803,0,0
141,2011,50161,0,0,0,2,0,0,2,2,0,0,0,0,0,0,0,0,0,0,610378,CRANE AA,Crane Achievement Academy High School,162,0,0,18,0.1111,162,1,0,0
142,2010,50181,0,0,0,1,0,0,1,1,0,0,0,0,0,0,0,0,0,0,609743,PHILLIPS AA HS,Phillips AA HS,76,0,0,4,0.052631578947369,74,0.973684210526316,0,0
143,2011,50181,0,0,0,2,0,0,2,2,0,0,0,0,0,0,0,0,0,0,609743,PHILLIPS AA HS,Phillips Achievement Academy High School,67,0,0,8,0.1194,65,0.9701,0,0
144,2010,50191,0,0,0,3,0,0,3,3,0,0,0,0,0,0,0,0,0,0,609706,FENGER AA HS,Fenger AA HS,105,0,0,8,0.076190476190476,104,0.99047619047619,0,0
145,2010,50191,0,0,0,3,0,0,3,3,0,0,0,0,0,0,0,0,0,0,609705,FENGER HS,Fenger  HS,784,1,0.001275510204082,161,0.205357142857143,692,0.88265306122449,0,0
146,2011,50191,0,0,0,1,0,0,1,1,0,0,0,0,0,0,0,0,0,0,609706,FENGER AA HS,Fenger Achievement Academy High School,85,0,0,8,0.0941,84,0.9882,0,0
147,2011,50191,0,0,0,1,0,0,1,1,0,0,0,0,0,0,0,0,0,0,609705,FENGER HS,Christian Fenger Academy High School,688,2,0.0029,140,0.2035,676,0.9826,0,0
148,2012,50191,0,0,0,2,0,0,2,1,0,0,0,0,0,0,0,1,1,0,609705,FENGER HS,Christian Fenger Academy High School,508,2,0.0039,108,0.2126,503,0.9902,0,0
149,2010,51021,0,0,0,11,0,0,11,11,0,0,0,0,0,0,0,0,0,0,609710,HARLAN HS,Harlan HS,1260,1,0.000793650793651,227,0.18015873015873,1120,0.888888888888889,0,0
150,2011,51021,0,0,0,10,0,0,10,10,0,0,0,0,0,0,0,5,5,5,609710,HARLAN HS,John M Harlan Community Academy High School,1243,1,0.0008,211,0.1698,1175,0.9453,0,0
151,2012,51021,0,0,0,10,1,0,11,11,0,0,0,0,0,0,0,5,5,5,609710,HARLAN HS,John M Harlan Community Academy High School,1174,1,0.0009,215,0.1831,1086,0.925,0,0
152,2013,51021,0,0,0,9,1,0,10,10,0,0,0,0,0,0,0,4,4,4,609710,HARLAN HS,John M Harlan Community Academy High School,918,1,0.001089324618736,178,0.193899782135076,825,0.898692810457516,0,0
153,2014,51021,0,0,0,9,1,0,10,7,0,0,0,0,0,0,0,4,4,3,609710,HARLAN HS,John M Harlan Community Academy High School,760,1,0.0013,149,0.1961,714,0.9395,0,0
154,2010,51071,0,0,0,4,0,0,4,4,0,0,0,0,0,0,0,0,0,0,609734,TAFT HS,Taft HS,2810,206,0.073309608540925,408,0.145195729537367,1596,0.56797153024911,0,0
155,2010,51071,0,0,0,4,0,0,4,4,0,0,0,0,0,0,0,0,0,0,609740,WELLS HS,Wells HS,642,58,0.090342679127726,130,0.202492211838006,568,0.884735202492212,0,0
156,2011,51071,0,0,0,4,0,0,4,3,0,0,0,0,0,0,0,1,1,1,609734,TAFT HS,William Howard Taft High School,2921,182,0.0623,413,0.1414,1818,0.6224,0,0
157,2011,51071,0,0,0,4,0,0,4,3,0,0,0,0,0,0,0,1,1,1,609740,WELLS HS,Wells Community Academy High School,630,56,0.0889,129,0.2048,614,0.9746,0,0
158,2012,51071,0,0,0,4,0,0,4,4,0,0,0,0,0,0,0,1,1,1,609734,TAFT HS,William Howard Taft High School,3098,173,0.0558,394,0.1272,1929,0.6227,0,0
159,2012,51071,0,0,0,4,0,0,4,4,0,0,0,0,0,0,0,1,1,1,609740,WELLS HS,Wells Community Academy High School,611,61,0.0998,122,0.1997,599,0.9804,0,0
160,2013,51071,0,0,0,6,0,0,6,6,0,0,0,0,0,0,0,1,1,1,609734,TAFT HS,William Howard Taft High School,3195,193,0.060406885758999,388,0.121439749608764,1930,0.604068857589984,0,0
161,2013,51071,0,0,0,6,0,0,6,6,0,0,0,0,0,0,0,1,1,1,609740,WELLS HS,Wells Community Academy High School,596,56,0.093959731543624,134,0.224832214765101,560,0.939597315436242,0,0
162,2014,51071,0,0,0,7,0,0,7,7,0,0,0,0,0,0,0,1,1,1,609734,TAFT HS,William Howard Taft High School,3233,194,0.06,392,0.1212,1979,0.6121,0,0
163,2014,51071,0,0,0,7,0,0,7,7,0,0,0,0,0,0,0,1,1,1,609740,WELLS HS,Wells Community Academy High School,546,56,0.1026,140,0.2564,520,0.9524,0,0
164,2010,51091,0,0,0,8,0,0,8,8,0,0,0,0,0,0,0,0,0,0,610401,CLEMENTE AA HS,Clemente AA HS,227,2,0.008810572687225,14,0.061674008810573,183,0.806167400881057,0,0
165,2010,51091,0,0,0,8,0,0,8,8,0,0,0,0,0,0,0,0,0,0,609759,CLEMENTE HS,Clemente HS,1283,106,0.082618862042089,279,0.217459080280592,1025,0.798908807482463,0,0
166,2011,51091,0,0,0,5,0,0,5,5,0,0,0,0,0,0,0,4,4,4,610401,CLEMENTE AA HS,Clemente Achievement Academy High School,184,7,0.038,17,0.0924,183,0.9946,0,0
167,2011,51091,0,0,0,5,0,0,5,5,0,0,0,0,0,0,0,4,4,4,609759,CLEMENTE HS,Roberto Clemente Community Academy High School,1007,77,0.0765,208,0.2066,985,0.9782,0,0
168,2012,51091,0,0,0,4,6,0,10,8,0,0,0,0,0,0,0,3,3,3,609759,CLEMENTE HS,Roberto Clemente Community Academy High School,891,66,0.0741,178,0.1998,871,0.9776,0,0
169,2013,51091,0,0,0,5,4,0,9,9,0,0,0,0,0,0,0,2,2,2,609759,CLEMENTE HS,Roberto Clemente Community Academy High School,701,75,0.106990014265335,151,0.215406562054208,680,0.970042796005706,0,0
170,2014,51091,0,0,0,5,3,0,8,7,0,0,0,0,0,0,0,4,4,3,609759,CLEMENTE HS,Roberto Clemente Community Academy High School,733,78,0.1064,166,0.2265,706,0.9632,0,0
171,2010,52011,0,0,0,1,0,0,1,1,0,0,0,0,0,0,0,0,0,0,610392,WORLD LANGUAGE HS,World Language HS,379,62,0.163588390501319,56,0.147757255936675,372,0.981530343007915,0,0
172,2011,52011,0,0,0,1,0,0,1,1,0,0,0,0,0,0,0,2,2,2,610392,WORLD LANGUAGE HS,World Language Academy High School,379,60,0.1583,53,0.1398,375,0.9894,0,0
173,2013,52011,0,0,0,1,0,0,1,0,0,0,0,0,0,0,0,2,2,2,610392,WORLD LANGUAGE HS,World Language Academy High School,353,64,0.181303116147309,47,0.13314447592068,342,0.968838526912181,0,0
174,2014,52011,0,0,0,1,0,0,1,0,0,0,0,0,0,0,0,2,2,2,610392,WORLD LANGUAGE HS,World Language Academy High School,341,65,0.1906,45,0.132,340,0.9971,0,0
175,2010,53011,0,0,0,13,0,0,13,13,0,0,0,1,0,0,0,0,1,1,609674,CHICAGO VOCATIONAL HS,Chicago Voc HS,1106,5,0.004520795660036,230,0.207956600361664,1070,0.96745027124774,0,0
176,2011,53011,0,0,0,13,0,0,13,13,0,0,0,1,0,0,0,3,4,3,609675,CHICAGO AA HS,Chicago Vocational Achievement Academy HS,177,0,0,14,0.0791,175,0.9887,0,0
177,2011,53011,0,0,0,13,0,0,13,13,0,0,0,1,0,0,0,3,4,3,609674,CHICAGO VOCATIONAL HS,Chicago Vocational Career Academy High School,827,5,0.006,195,0.2358,822,0.994,0,0
178,2012,53011,0,0,0,2,3,0,5,0,0,0,0,0,0,0,0,0,0,0,609674,CHICAGO VOCATIONAL HS,Chicago Vocational Career Academy High School,965,7,0.0073,211,0.2187,935,0.9689,0,0
179,2013,53011,0,0,0,6,4,0,10,10,0,0,0,1,0,0,0,3,4,3,609674,CHICAGO VOCATIONAL HS,Chicago Vocational Career Academy High School,990,12,0.012121212121212,233,0.235353535353535,968,0.977777777777778,0,0
180,2014,53011,0,0,0,7,5,0,12,11,0,0,0,1,0,0,0,2,3,3,609674,CHICAGO VOCATIONAL HS,Chicago Vocational Career Academy High School,953,10,0.0105,257,0.2697,910,0.9549,0,0
181,2010,53021,0,0,0,9,0,0,9,9,0,0,0,0,0,0,0,0,0,0,609676,DUNBAR HS,Dunbar Voc HS,1507,4,0.002654280026543,165,0.109489051094891,1400,0.92899800928998,0,0
182,2011,53021,0,0,0,14,0,0,14,11,0,0,0,0,0,0,0,4,4,4,609676,DUNBAR HS,Paul Laurence Dunbar Career Academy High School,1462,5,0.0034,177,0.1211,1431,0.9788,0,0
183,2012,53021,0,0,0,12,2,0,14,14,0,0,0,2,0,0,0,5,7,7,609676,DUNBAR HS,Paul Laurence Dunbar Career Academy High School,1328,5,0.0038,183,0.1378,1304,0.9819,0,0
184,2013,53021,0,0,0,8,3,0,11,11,0,0,0,2,0,0,0,4,6,6,609676,DUNBAR HS,Paul Laurence Dunbar Career Academy High School,1188,4,0.003367003367003,194,0.163299663299663,1160,0.976430976430976,0,0
185,2014,53021,0,0,0,8,3,0,11,10,0,0,0,2,0,0,0,4,6,6,609676,DUNBAR HS,Paul Laurence Dunbar Career Academy High School,1034,5,0.0048,195,0.1886,1019,0.9855,0,0
186,2010,53041,0,0,0,1,0,0,1,1,0,0,0,2,0,0,0,0,2,2,609679,PROSSER HS,Prosser HS,1412,59,0.041784702549575,167,0.118271954674221,1219,0.863314447592068,0,0
187,2011,53041,0,0,0,1,0,0,1,1,0,0,0,1,0,0,0,4,5,5,609679,PROSSER HS,Charles Allen Prosser Career Academy High School,1416,48,0.0339,142,0.1003,1332,0.9407,0,0
188,2012,53041,0,0,0,3,8,0,11,10,0,0,0,2,0,0,0,4,6,6,609679,PROSSER HS,Charles Allen Prosser Career Academy High School,1475,42,0.0285,137,0.0929,1384,0.9383,0,0
189,2013,53041,0,0,0,2,2,0,4,4,0,0,0,3,0,0,0,5,8,8,609679,PROSSER HS,Charles Allen Prosser Career Academy High School,1514,63,0.041611624834875,159,0.105019815059445,1411,0.931968295904888,0,0
190,2014,53041,0,0,0,2,2,0,4,4,0,0,0,3,0,0,0,5,8,8,609679,PROSSER HS,Charles Allen Prosser Career Academy High School,1476,59,0.04,148,0.1003,1404,0.9512,0,0
191,2010,53051,0,0,1,2,0,0,3,3,0,0,0,2,0,0,0,0,2,2,609682,RICHARDS HS,Richards HS,547,76,0.138939670932358,98,0.179159049360146,477,0.872029250457038,0,0
192,2011,53051,0,0,1,2,0,0,3,3,0,0,0,2,0,0,0,2,4,3,609682,RICHARDS HS,Ellen H Richards Career Academy High School,473,51,0.1078,89,0.1882,466,0.9852,0,0
193,2012,53051,0,0,1,2,1,0,4,4,0,0,0,2,0,0,0,2,4,4,609682,RICHARDS HS,Ellen H Richards Career Academy High School,477,65,0.1363,83,0.174,473,0.9916,0,0
194,2013,53051,0,0,1,2,1,0,4,4,0,0,0,2,0,0,0,3,5,5,609682,RICHARDS HS,Ellen H Richards Career Academy High School,385,57,0.148051948051948,90,0.233766233766234,379,0.984415584415584,0,0
195,2013,53051,0,0,0,1,0,0,1,1,0,0,0,0,0,0,0,0,0,0,609682,RICHARDS HS,Ellen H Richards Career Academy High School,385,57,0.148051948051948,90,0.233766233766234,379,0.984415584415584,0,0
196,2014,53051,0,0,1,3,1,0,5,5,0,0,0,2,0,0,0,3,5,3,609682,RICHARDS HS,Ellen H Richards Career Academy High School,354,45,0.1271,96,0.2712,348,0.9831,0,0
197,2010,53061,0,0,0,5,0,0,5,5,0,0,0,2,0,0,0,0,2,2,609692,SIMEON HS,Simeon HS,1546,2,0.001293661060802,149,0.096377749029754,1177,0.761319534282018,0,0
198,2011,53061,0,0,0,5,0,0,5,4,0,0,0,1,0,0,0,6,7,6,609692,SIMEON HS,Neal F Simeon Career Academy High School,1533,1,0.0007,142,0.0926,1419,0.9256,0,0
199,2012,53061,0,0,0,4,7,0,11,10,0,0,0,1,0,0,0,5,6,6,609692,SIMEON HS,Neal F Simeon Career Academy High School,1529,1,0.0007,136,0.0889,1418,0.9274,0,0
200,2013,53061,0,0,0,2,4,0,6,6,0,0,0,0,0,0,0,1,1,1,609692,SIMEON HS,Neal F Simeon Career Academy High School,1467,2,0.001363326516701,133,0.0906612133606,1357,0.925017041581459,0,0
201,2014,53061,0,0,0,2,4,0,6,6,0,0,0,0,0,0,0,1,1,1,609692,SIMEON HS,Neal F Simeon Career Academy High School,1402,0,0,116,0.0827,1296,0.9244,0,0
202,2010,53091,0,0,0,13,0,0,13,12,0,0,0,2,0,0,0,0,2,2,609704,FARRAGUT HS,Farragut HS,1598,246,0.153942428035044,279,0.17459324155194,1572,0.983729662077597,0,0
203,2011,53091,0,0,0,11,0,0,11,11,0,0,0,2,0,0,0,7,9,9,609704,FARRAGUT HS,David G Farragut Career Academy High School,1453,211,0.1452,256,0.1762,1436,0.9883,0,0
204,2012,53091,0,0,0,6,11,0,17,16,0,0,0,2,0,0,0,4,6,5,609704,FARRAGUT HS,David G Farragut Career Academy High School,1277,223,0.1746,235,0.184,1260,0.9867,0,0
205,2013,53091,0,0,0,4,8,0,12,12,0,0,0,2,0,0,0,3,5,5,609704,FARRAGUT HS,David G Farragut Career Academy High School,1100,273,0.248181818181818,218,0.198181818181818,1086,0.987272727272727,0,0
206,2014,53091,0,0,0,4,8,0,12,11,0,0,0,2,0,0,0,3,5,5,609704,FARRAGUT HS,David G Farragut Career Academy High School,987,267,0.2705,197,0.1996,978,0.9909,0,0
207,2010,53101,0,0,0,4,0,0,4,4,0,0,0,4,0,0,0,0,4,4,609756,CURIE HS,Curie HS,3457,289,0.083598495805612,340,0.098351171536014,2807,0.811975701475267,0,0
208,2011,53101,0,0,0,6,0,0,6,6,0,0,0,4,0,0,0,11,15,15,609756,CURIE HS,Marie Sklodowska Curie Metropolitan High School,3323,251,0.0755,331,0.0996,3146,0.9467,0,0
209,2012,53101,0,0,0,6,5,0,11,11,0,0,0,4,0,0,0,9,13,10,609756,CURIE HS,Marie Sklodowska Curie Metropolitan High School,3060,228,0.0745,330,0.1078,2884,0.9425,0,0
210,2013,53101,0,0,0,6,5,0,11,11,0,0,0,4,0,0,0,8,12,12,609756,CURIE HS,Marie Sklodowska Curie Metropolitan High School,2982,230,0.077129443326627,310,0.103957075788062,2825,0.947350771294433,0,0
211,2014,53101,0,0,0,8,5,0,13,13,0,0,0,5,0,0,0,9,14,14,609756,CURIE HS,Marie Sklodowska Curie Metropolitan High School,3060,277,0.0905,323,0.1056,2914,0.9523,0,0
212,2010,53111,0,0,0,6,0,0,6,6,0,0,0,2,0,0,0,0,2,2,609722,MANLEY HS,Manley HS,650,0,0,156,0.24,522,0.803076923076923,0,0
213,2011,53111,0,0,0,5,0,0,5,5,0,0,0,2,0,0,0,2,4,4,609722,MANLEY HS,Manley Career Academy High School,599,0,0,155,0.2588,580,0.9683,0,0
214,2012,53111,0,0,0,3,1,0,4,3,0,0,0,1,0,0,0,2,3,3,609722,MANLEY HS,Manley Career Academy High School,476,0,0,130,0.2731,439,0.9223,0,0
215,2013,53111,0,0,0,3,1,0,4,4,0,0,0,1,0,0,0,1,2,1,609722,MANLEY HS,Manley Career Academy High School,450,0,0,122,0.271111111111111,344,0.764444444444445,0,0
216,2014,53111,0,0,0,3,1,0,4,4,0,0,0,1,0,0,0,1,2,2,609722,MANLEY HS,Manley Career Academy High School,356,1,0.0028,105,0.2949,308,0.8652,0,0
217,2010,53121,0,0,0,8,0,0,8,8,0,0,0,0,0,0,0,0,0,0,609735,TILDEN HS,Tilden HS,467,38,0.081370449678801,114,0.244111349036402,388,0.830835117773019,0,0
218,2011,53121,0,0,0,7,0,0,7,5,0,0,0,0,0,0,0,2,2,1,609735,TILDEN HS,Edward Tilden Career Community Academy HS,463,27,0.0583,97,0.2095,452,0.9762,0,0
219,2012,53121,0,0,0,13,1,0,14,0,0,0,0,0,0,0,0,2,2,0,609735,TILDEN HS,Edward Tilden Career Community Academy HS,400,18,0.045,70,0.175,389,0.9725,0,0
220,2013,53121,0,0,0,10,2,0,12,12,0,0,0,0,0,0,0,2,2,2,609735,TILDEN HS,Edward Tilden Career Community Academy HS,345,9,0.026086956521739,89,0.257971014492754,337,0.976811594202898,0,0
221,2014,53121,0,0,0,8,2,0,10,6,0,0,0,0,0,0,0,2,2,1,609735,TILDEN HS,Edward Tilden Career Community Academy HS,328,13,0.0396,108,0.3293,319,0.9726,0,0
222,2010,55081,0,0,0,1,0,0,1,1,0,0,0,1,0,0,0,0,1,1,610297,SCHOOL OF LEADRSHP HS,Sch Of Leadership HS,272,0,0,59,0.216911764705882,257,0.944852941176471,0,0
223,2011,55081,0,0,0,5,0,0,5,4,0,0,0,2,0,0,0,3,5,5,610297,SCHOOL OF LEADRSHP HS,High School of Leadership at South Shore,731,2,0.0027,149,0.2038,702,0.9603,0,0
224,2012,55081,0,0,0,5,5,1,11,11,0,0,0,1,0,0,0,2,3,3,610297,SCHOOL OF LEADRSHP HS,High School of Leadership at South Shore,411,1,0.0024,70,0.1703,399,0.9708,0,0
225,2013,55081,0,0,0,1,4,0,5,5,0,0,0,0,0,0,0,1,1,1,610297,SCHOOL OF LEADRSHP HS,High School of Leadership at South Shore,134,0,0,25,0.186567164179104,133,0.992537313432836,0,0
226,2010,55091,0,0,0,2,0,0,2,2,0,0,0,0,0,0,0,0,0,0,610296,SCHOOL OF TECH HS,Sch Of Technology HS,289,2,0.006920415224914,46,0.15916955017301,264,0.913494809688581,0,0
227,2010,66112,0,0,0,1,0,0,1,1,0,0,0,0,0,0,0,0,0,0,400077,U OF C - WOODLAWN HS,U Of C Chrt - Woodlawn,537,0,0,72,0.134078212290503,447,0.832402234636871,0,0
228,2011,66112,0,0,0,1,0,0,1,1,0,0,0,0,0,0,0,0,0,0,400077,U OF C - WOODLAWN HS,University of Chicago Charter - Woodlawn,517,0,0,70,0.1354,450,0.8704,0,0
229,2012,66112,0,0,0,1,0,0,1,1,0,0,0,0,0,0,0,0,0,0,400077,U OF C - WOODLAWN HS,University of Chicago Charter - Woodlawn,607,1,0.0016,91,0.1499,515,0.8484,0,0
230,2013,66112,0,0,0,1,0,0,1,1,0,0,0,0,0,0,0,0,0,0,400077,U OF C - WOODLAWN HS,University of Chicago Charter - Woodlawn,634,0,0,100,0.157728706624606,533,0.840694006309148,0,0
231,2014,66112,0,0,0,1,0,0,1,1,0,0,0,0,0,0,0,0,0,0,400077,U OF C - WOODLAWN HS,University of Chicago Charter - Woodlawn,650,1,0.0015,106,0.1631,554,0.8523,0,0
232,2010,67021,0,0,0,3,0,0,3,3,0,0,0,0,0,0,0,0,0,0,610387,SECOND CHANCE ALT HS,Peace & Education Alt HS,113,4,0.035398230088496,22,0.194690265486726,112,0.991150442477876,0,0
233,2010,70020,0,0,0,5,0,0,5,5,0,0,0,0,0,0,0,0,0,0,609680,PAYTON HS,Payton CPHS,892,3,0.003363228699552,58,0.065022421524664,278,0.311659192825112,0,0
234,2011,70020,0,0,0,5,0,0,5,5,0,0,0,0,0,0,0,4,4,4,609680,PAYTON HS,Walter Payton College Preparatory High School,885,4,0.0045,61,0.0689,304,0.3435,0,0
235,2012,70020,0,0,0,5,1,0,6,5,0,0,0,0,0,0,0,4,4,4,609680,PAYTON HS,Walter Payton College Preparatory High School,859,5,0.0058,58,0.0675,290,0.3376,0,0
236,2013,70020,0,0,0,4,1,0,5,5,0,0,0,0,0,0,0,4,4,4,609680,PAYTON HS,Walter Payton College Preparatory High School,819,6,0.007326007326007,52,0.063492063492064,253,0.308913308913309,0,0
237,2014,70020,0,0,0,4,1,0,5,4,0,0,0,0,0,0,0,4,4,4,609680,PAYTON HS,Walter Payton College Preparatory High School,901,4,0.0044,58,0.0644,309,0.343,0,0
238,2010,70070,0,0,0,3,0,0,3,3,0,0,0,0,0,0,0,0,0,0,609754,CHICAGO MILITARY HS,Chicago Mil Acad HS,502,2,0.00398406374502,32,0.063745019920319,402,0.800796812749004,0,0
239,2011,70070,0,0,0,3,0,0,3,3,0,0,0,0,0,0,0,2,2,2,609754,CHICAGO MILITARY HS,Chicago Military Academy High School,482,3,0.0062,27,0.056,442,0.917,0,0
240,2012,70070,0,0,0,3,2,0,5,5,0,0,0,1,0,0,0,2,3,2,609754,CHICAGO MILITARY HS,Chicago Military Academy High School,466,5,0.0107,31,0.0665,419,0.8991,0,0
241,2013,70070,0,0,0,2,2,0,4,4,0,0,0,1,0,0,0,2,3,3,609754,CHICAGO MILITARY HS,Chicago Military Academy High School,405,7,0.017283950617284,35,0.08641975308642,358,0.883950617283951,0,0
242,2014,70070,0,0,0,2,2,0,4,4,0,0,0,1,0,0,0,2,3,3,609754,CHICAGO MILITARY HS,Chicago Military Academy High School,395,8,0.0203,40,0.1013,375,0.9494,0,0
243,2010,22041,0,0,0,1,0,0,1,1,0,0,0,0,0,0,0,0,0,0,610524,ALCOTT HS,Alcott HS,177,5,0.028248587570622,46,0.259887005649717,135,0.76271186440678,0,0
244,2011,22041,0,0,0,2,0,0,2,1,0,0,0,1,0,0,0,3,4,3,610524,ALCOTT HS,Alcott High School for the Humanities,232,9,0.0388,69,0.2974,184,0.7931,0,0
245,2012,22041,0,0,0,2,0,0,2,2,0,0,0,1,0,0,0,3,4,4,610524,ALCOTT HS,Alcott High School for the Humanities,269,9,0.0335,92,0.342,211,0.7844,0,0
246,2013,22041,0,0,0,2,0,0,2,2,0,0,0,0,0,0,0,3,3,3,610524,ALCOTT HS,Alcott High School for the Humanities,281,12,0.04270462633452,86,0.306049822064057,227,0.807829181494662,0,0
247,2014,22041,0,0,0,2,0,0,2,2,0,0,0,0,0,0,0,3,3,3,610524,ALCOTT HS,Alcott High School for the Humanities,274,18,0.0657,66,0.2409,219,0.7993,0,0
248,2010,23391,0,0,0,2,0,0,2,2,0,0,0,0,0,0,0,0,0,0,609769,GRAHAM HS,Graham A.,483,42,0.086956521739131,57,0.118012422360248,463,0.958592132505176,0,0
249,2011,23391,0,0,0,2,0,0,2,2,0,0,0,0,0,0,0,1,1,1,609769,GRAHAM HS,Ray Graham Training Center High School,139,36,0.259,139,1,131,0.9424,0,0
250,2012,23391,0,0,0,2,0,0,2,2,0,0,0,0,0,0,0,1,1,1,609769,GRAHAM HS,Ray Graham Training Center High School,116,32,0.2759,116,1,109,0.9397,0,0
251,2013,23391,0,0,0,2,0,0,2,2,0,0,0,0,0,0,0,1,1,1,609769,GRAHAM HS,Ray Graham Training Center High School,123,40,0.32520325203252,123,1,107,0.869918699186992,0,0
252,2014,23391,0,0,0,2,0,0,2,2,0,0,0,0,0,0,0,1,1,1,609769,GRAHAM HS,Ray Graham Training Center High School,133,32,0.2406,133,1,122,0.9173,0,0
253,2010,24731,0,0,0,1,0,0,1,1,0,0,0,0,0,0,0,0,0,0,610529,OGDEN HS,Ogden HS,532,18,0.033834586466166,83,0.156015037593985,185,0.347744360902256,0,0
254,2011,24731,0,0,0,3,0,0,3,1,0,0,0,1,0,0,0,3,4,2,610529,OGDEN HS,Ogden International High School,558,25,0.0448,91,0.1631,319,0.5717,0,0
255,2012,24731,0,0,0,3,1,0,4,4,0,0,0,1,0,0,0,3,4,4,610529,OGDEN HS,Ogden International High School,763,50,0.0655,103,0.135,393,0.5151,0,0
256,2013,24731,0,0,0,2,1,0,3,3,0,0,0,0,0,0,0,4,4,4,610529,OGDEN HS,Ogden International High School,784,40,0.051020408163265,102,0.130102040816327,358,0.456632653061224,0,0
257,2014,24731,0,0,0,2,1,0,3,2,0,0,0,1,0,0,0,4,5,5,610529,OGDEN HS,Ogden International High School,752,52,0.0691,85,0.113,372,0.4947,0,0
258,2010,28151,0,0,0,14,0,0,14,13,0,0,0,1,0,0,0,0,1,1,610302,EXCEL - ORR HIGH,LEARN Chrt - EXCEL,295,0,0,21,0.071186440677966,274,0.928813559322034,0,0
259,2011,28151,0,0,0,12,0,0,12,9,0,0,0,2,0,0,0,3,5,4,610389,ORR HS,Orr Academy High School,823,17,0.0207,228,0.277,802,0.9745,0,0
260,2012,28151,0,0,0,13,0,0,13,9,0,0,0,1,0,0,0,3,4,2,610389,ORR HS,Orr Academy High School,676,13,0.0192,180,0.2663,647,0.9571,0,0
261,2013,28151,0,0,0,11,0,0,11,11,0,0,0,0,0,0,0,1,1,1,610389,ORR HS,Orr Academy High School,647,20,0.030911901081917,145,0.224111282843895,449,0.693972179289026,0,0
262,2014,28151,0,0,0,11,0,0,11,9,0,0,0,0,0,0,0,1,1,1,610389,ORR HS,Orr Academy High School,458,15,0.0328,100,0.2183,435,0.9498,0,0
263,2010,45231,0,0,0,1,0,0,1,1,0,0,0,0,0,0,0,0,0,0,610513,AIR FORCE HS,Air Force Acad HS,212,3,0.014150943396227,12,0.056603773584906,177,0.834905660377359,0,0
264,2011,45231,0,0,0,1,0,0,1,1,0,0,0,0,0,0,0,1,1,0,610513,AIR FORCE HS,Air Force Academy High School,302,3,0.0099,22,0.0728,263,0.8709,0,0
265,2012,45231,0,0,0,2,1,0,3,3,0,0,0,0,0,0,0,2,2,1,610513,AIR FORCE HS,Air Force Academy High School,393,5,0.0127,35,0.0891,339,0.8626,0,0
266,2013,45231,0,0,0,2,1,0,3,3,0,0,0,0,0,0,0,2,2,2,610513,AIR FORCE HS,Air Force Academy High School,369,7,0.018970189701897,34,0.092140921409214,327,0.886178861788618,0,0
267,2014,45231,0,0,0,3,1,0,4,3,0,0,0,0,0,0,0,2,2,2,610513,AIR FORCE HS,Air Force Academy High School,373,9,0.0241,39,0.1046,327,0.8767,0,0
268,2010,46021,0,0,0,3,0,0,3,3,0,0,0,3,0,0,0,0,3,3,609694,HANCOCK HS,Hancock HS,984,92,0.09349593495935,128,0.130081300813008,919,0.933943089430894,0,0
269,2011,46021,0,0,0,3,0,0,3,3,0,0,0,3,0,0,0,3,6,6,609694,HANCOCK HS,John Hancock College Preparatory High School,966,81,0.0839,100,0.1035,920,0.9524,0,0
270,2012,46021,0,0,0,3,0,0,3,3,0,0,0,3,0,0,0,3,6,6,609694,HANCOCK HS,John Hancock College Preparatory High School,963,96,0.0997,106,0.1101,933,0.9688,0,0
271,2013,46021,0,0,0,4,0,0,4,4,0,0,0,0,0,0,0,3,3,3,609694,HANCOCK HS,John Hancock College Preparatory High School,928,86,0.092672413793104,108,0.116379310344828,893,0.962284482758621,0,0
272,2014,46021,0,0,0,4,0,0,4,4,0,0,0,0,0,0,0,3,3,3,609694,HANCOCK HS,John Hancock College Preparatory High School,920,90,0.0978,91,0.0989,891,0.9685,0,0
273,2010,46061,0,0,0,2,0,0,2,2,0,0,0,2,0,0,0,0,2,2,609749,NORTHSIDE PREP HS,Northside Lrn Ctr HS,311,95,0.305466237942122,311,1,252,0.810289389067524,0,0
274,2011,46061,0,0,0,2,0,0,2,2,0,0,0,2,0,0,0,1,3,3,609749,NORTHSIDE PREP HS,Northside College Preparatory High School,1053,6,0.0057,62,0.0589,386,0.3666,0,0
275,2012,46061,0,0,0,2,1,0,3,3,0,0,0,2,0,0,0,5,7,7,609749,NORTHSIDE PREP HS,Northside College Preparatory High School,1070,7,0.0065,65,0.0607,399,0.3729,0,0
276,2013,46061,0,0,0,2,1,0,3,3,0,0,0,2,0,0,0,4,6,6,609749,NORTHSIDE PREP HS,Northside College Preparatory High School,1069,6,0.005612722170253,65,0.060804490177736,399,0.373246024321796,0,0
277,2014,46061,0,0,0,2,1,0,3,3,0,0,0,2,0,0,0,4,6,5,609749,NORTHSIDE PREP HS,Northside College Preparatory High School,1050,6,0.0057,65,0.0619,432,0.4114,0,0
278,2010,46121,0,0,0,6,0,0,6,6,0,0,0,1,0,0,0,0,1,1,609707,ROBESON HS,Robeson HS,776,0,0,199,0.256443298969072,752,0.969072164948454,0,0
279,2011,46121,0,0,0,5,0,0,5,5,0,0,0,1,0,0,0,0,1,1,609707,ROBESON HS,Paul Robeson High School,734,0,0,161,0.2193,722,0.9837,0,0
280,2012,46121,0,0,0,5,2,0,7,7,0,0,0,1,0,0,0,2,3,3,609707,ROBESON HS,Paul Robeson High School,591,0,0,141,0.2386,578,0.978,0,0
281,2013,46121,0,0,0,6,0,0,6,6,0,0,0,0,0,0,0,1,1,1,609707,ROBESON HS,Paul Robeson High School,372,0,0,93,0.25,370,0.994623655913978,0,0
282,2014,46121,0,0,0,6,0,0,6,5,0,0,0,0,0,0,0,1,1,1,609707,ROBESON HS,Paul Robeson High School,295,0,0,79,0.2678,295,1,0,0
283,2010,46141,0,0,0,6,0,0,6,6,0,0,0,0,0,0,0,0,0,0,609709,GAGE PARK HS,Gage Park HS,1252,100,0.079872204472844,235,0.187699680511182,1136,0.907348242811502,0,0
284,2011,46141,0,0,0,6,0,0,6,6,0,0,0,0,0,0,0,5,5,5,609709,GAGE PARK HS,Gage Park High School,1052,94,0.0894,206,0.1958,1026,0.9753,0,0
285,2012,46141,0,0,0,4,6,0,10,10,0,0,0,0,0,0,0,3,3,3,609709,GAGE PARK HS,Gage Park High School,835,92,0.1102,158,0.1892,813,0.9737,0,0
286,2013,46141,0,0,0,6,3,0,9,8,0,0,0,0,0,0,0,0,0,0,609709,GAGE PARK HS,Gage Park High School,613,76,0.123980424143556,122,0.199021207177814,602,0.98205546492659,0,0
287,2014,46141,0,0,0,7,3,0,10,9,0,0,0,0,0,0,0,1,1,1,609709,GAGE PARK HS,Gage Park High School,465,82,0.1763,87,0.1871,458,0.9849,0,0
288,2010,46151,0,0,0,12,0,0,12,11,0,0,0,1,0,0,0,0,1,1,609711,HARPER HS,Harper HS,669,1,0.001494768310912,156,0.233183856502242,485,0.724962630792227,0,0
289,2011,46151,0,0,0,12,0,0,12,12,0,0,0,1,0,0,0,2,3,3,609711,HARPER HS,William Rainey Harper High School,622,1,0.0016,148,0.2379,605,0.9727,0,0
290,2012,46151,0,0,0,12,2,0,14,14,0,0,0,1,0,0,0,2,3,2,609711,HARPER HS,William Rainey Harper High School,518,1,0.0019,115,0.222,514,0.9923,0,0
291,2013,46151,0,0,0,9,2,0,11,11,0,0,0,2,0,0,0,1,3,3,609711,HARPER HS,William Rainey Harper High School,482,1,0.002074688796681,115,0.238589211618257,473,0.981327800829876,0,0
292,2014,46151,0,0,0,9,2,0,11,11,0,0,0,2,0,0,0,2,4,3,609711,HARPER HS,William Rainey Harper High School,349,1,0.0029,89,0.255,344,0.9857,0,0
293,2010,46171,0,0,0,13,0,0,13,13,0,0,0,2,0,0,0,0,2,2,609713,HYDE PARK HS,Hyde Park HS,1591,2,0.001257071024513,184,0.115650534255185,1358,0.853551225644249,0,0
294,2011,46171,0,0,0,13,0,0,13,13,0,0,0,0,0,0,0,3,3,3,609713,HYDE PARK HS,Hyde Park Academy High School,1513,1,0.0007,213,0.1408,1442,0.9531,0,0
295,2012,46171,0,0,0,11,1,0,12,11,0,0,0,0,0,0,0,4,4,4,609713,HYDE PARK HS,Hyde Park Academy High School,1249,3,0.0024,182,0.1457,1217,0.9744,0,0
296,2013,46171,0,0,0,7,1,0,8,7,0,0,0,0,0,0,0,3,3,3,609713,HYDE PARK HS,Hyde Park Academy High School,1001,2,0.001998001998002,159,0.158841158841159,955,0.954045954045954,0,0
297,2014,46171,0,0,0,6,2,0,8,7,0,0,0,0,0,0,0,3,3,2,609713,HYDE PARK HS,Hyde Park Academy High School,946,3,0.0032,160,0.1691,922,0.9746,0,0
298,2010,46181,0,0,0,12,0,0,12,12,0,0,0,4,0,0,0,0,4,4,609715,KELLY HS,Kelly HS,3062,399,0.130306988896146,354,0.115610711952972,2807,0.916721097322012,0,0
299,2011,46181,0,0,0,12,0,0,12,12,0,0,0,4,0,0,0,9,13,13,609715,KELLY HS,Thomas Kelly High School,2893,393,0.1358,345,0.1193,2803,0.9689,0,0
300,2012,46181,0,0,0,11,3,0,14,13,0,0,0,3,0,0,0,8,11,10,609715,KELLY HS,Thomas Kelly High School,2691,406,0.1509,331,0.123,2599,0.9658,0,0
301,2013,46181,0,0,0,6,3,0,9,9,0,0,0,3,0,0,0,6,9,9,609715,KELLY HS,Thomas Kelly High School,2537,478,0.188411509657075,292,0.115096570752858,2364,0.931809223492314,0,0
302,2014,46181,0,0,0,6,3,0,9,9,0,0,0,3,0,0,0,8,11,11,609715,KELLY HS,Thomas Kelly High School,2290,471,0.2057,320,0.1397,2205,0.9629,0,0
303,2010,46191,0,0,0,11,0,0,11,11,0,0,0,1,0,0,0,0,1,1,609716,KELVYN PARK HS,Kelvyn Park HS,1382,204,0.147612156295224,214,0.154848046309696,844,0.610709117221418,0,0
304,2011,46191,0,0,0,6,0,0,6,6,0,0,0,1,0,0,0,4,5,5,609716,KELVYN PARK HS,Kelvyn Park High School,1250,174,0.1392,189,0.1512,1216,0.9728,0,0
305,2012,46191,0,0,0,7,0,0,7,7,0,0,0,1,0,0,0,5,6,6,609716,KELVYN PARK HS,Kelvyn Park High School,1037,165,0.1591,161,0.1553,1020,0.9836,0,0
306,2013,46191,0,0,0,6,0,0,6,6,0,0,0,1,0,0,0,1,2,2,609716,KELVYN PARK HS,Kelvyn Park High School,890,149,0.167415730337079,155,0.174157303370787,855,0.960674157303371,0,0
307,2014,46191,0,0,0,7,0,0,7,6,0,0,0,1,0,0,0,2,3,3,609716,KELVYN PARK HS,Kelvyn Park High School,887,168,0.1894,149,0.168,853,0.9617,0,0
308,2010,46201,0,0,0,10,0,0,10,10,0,0,0,0,0,0,0,0,0,0,609718,KENNEDY HS,Kennedy HS,1580,101,0.063924050632911,294,0.186075949367089,1241,0.785443037974683,0,0
309,2011,46201,0,0,0,10,0,0,10,10,0,0,0,0,0,0,0,5,5,5,609718,KENNEDY HS,John F Kennedy High School,1588,80,0.0504,296,0.1864,1295,0.8155,0,0
310,2012,46201,0,0,0,10,1,1,12,11,0,0,0,0,0,0,0,5,5,5,609718,KENNEDY HS,John F Kennedy High School,1505,78,0.0518,291,0.1934,1270,0.8439,0,0
311,2013,46201,0,0,0,10,1,0,11,10,0,0,0,0,0,0,0,3,3,3,609718,KENNEDY HS,John F Kennedy High School,1506,105,0.069721115537849,291,0.193227091633466,1296,0.860557768924303,0,0
312,2014,46201,0,0,0,12,1,0,13,12,0,0,0,0,0,0,0,3,3,3,609718,KENNEDY HS,John F Kennedy High School,1568,84,0.0536,297,0.1894,1346,0.8584,0,0
313,2010,46211,0,0,0,5,0,0,5,5,0,0,0,0,0,0,0,0,0,0,609719,LAKE VIEW HS,Lake View HS,1553,89,0.057308435286542,164,0.10560206052801,1326,0.853831294269157,0,0
314,2011,46211,0,0,0,5,0,0,5,5,0,0,0,0,0,0,0,5,5,5,609719,LAKE VIEW HS,Lake View High School,1502,86,0.0573,144,0.0959,1338,0.8908,0,0
315,2012,46211,0,0,0,6,0,0,6,5,0,0,0,0,0,0,0,5,5,5,609719,LAKE VIEW HS,Lake View High School,1545,96,0.0621,166,0.1074,1386,0.8971,0,0
316,2013,46211,0,0,0,5,0,0,5,5,0,0,0,2,0,0,0,2,4,4,609719,LAKE VIEW HS,Lake View High School,1436,64,0.044568245125348,177,0.123259052924791,1260,0.877437325905292,0,0
317,2014,46211,0,0,0,5,0,0,5,5,0,0,0,2,0,0,0,3,5,4,609719,LAKE VIEW HS,Lake View High School,1347,46,0.0341,177,0.1314,1188,0.882,0,0
318,2010,46251,0,0,0,8,0,0,8,8,0,0,0,0,0,0,0,0,0,0,609725,MORGAN PARK HS,Morgan Park HS,1658,2,0.001206272617612,213,0.128468033775633,1203,0.725572979493365,0,0
319,2011,46251,0,0,0,7,0,0,7,7,0,0,0,0,0,0,0,5,5,5,609725,MORGAN PARK HS,Morgan Park High School,1571,1,0.0006,205,0.1305,1272,0.8097,0,0
320,2012,46251,0,0,0,7,5,0,12,12,0,0,0,0,0,0,0,5,5,5,609725,MORGAN PARK HS,Morgan Park High School,1449,1,0.0007,175,0.1208,1169,0.8068,0,0
321,2013,46251,0,0,0,4,3,0,7,7,0,0,0,0,0,0,0,6,6,6,609725,MORGAN PARK HS,Morgan Park High School,1431,1,0.000698812019567,172,0.120195667365479,1150,0.803633822501747,0,0
322,2013,46251,0,0,0,0,1,0,1,1,0,0,0,0,0,0,0,0,0,0,609725,MORGAN PARK HS,Morgan Park High School,1431,1,0.000698812019567,172,0.120195667365479,1150,0.803633822501747,0,0
323,2014,46251,0,0,0,6,4,0,10,8,0,0,0,0,0,0,0,6,6,6,609725,MORGAN PARK HS,Morgan Park High School,1436,5,0.0035,167,0.1163,1234,0.8593,0,0
324,2010,46261,0,0,0,10,0,0,10,10,0,0,0,0,0,0,0,0,0,0,609727,PHILLIPS HS,Phillips HS,687,2,0.002911208151383,147,0.213973799126638,671,0.976710334788937,0,0
325,2011,46261,0,0,0,9,0,0,9,9,0,0,0,0,0,0,0,2,2,1,609727,PHILLIPS HS,Wendell Phillips Academy High School,593,3,0.0051,118,0.199,575,0.9696,0,0
326,2012,46261,0,0,0,16,1,0,17,17,0,0,0,1,0,0,0,4,5,4,609727,PHILLIPS HS,Wendell Phillips Academy High School,647,2,0.0031,143,0.221,635,0.9815,0,0
327,2013,46261,0,0,0,8,1,0,9,9,0,0,0,0,0,0,0,3,3,3,609727,PHILLIPS HS,Wendell Phillips Academy High School,670,8,0.011940298507463,136,0.202985074626866,651,0.971641791044776,0,0
328,2014,46261,0,0,0,7,1,0,8,7,0,0,0,0,0,0,0,4,4,4,609727,PHILLIPS HS,Wendell Phillips Academy High School,614,4,0.0065,114,0.1857,595,0.9691,0,0
329,2010,46281,0,0,0,4,0,0,4,4,0,0,0,2,0,0,0,0,2,2,609729,SCHURZ HS,Schurz HS,2235,264,0.118120805369128,396,0.177181208053691,2023,0.905145413870246,0,0
330,2011,46281,0,0,0,5,0,0,5,4,0,0,0,2,0,0,0,7,9,8,609729,SCHURZ HS,Carl Schurz High School,2364,305,0.129,388,0.1641,2245,0.9497,0,0
331,2012,46281,0,0,0,5,8,0,13,11,0,0,0,1,0,0,0,8,9,9,609729,SCHURZ HS,Carl Schurz High School,2395,308,0.1286,403,0.1683,2267,0.9466,0,0
332,2013,46281,0,0,0,5,5,0,10,10,0,0,0,0,0,0,0,7,7,7,609729,SCHURZ HS,Carl Schurz High School,2379,318,0.133669609079445,410,0.172341319882304,2269,0.953762084909626,0,0
333,2013,46281,0,0,0,1,0,0,1,1,0,0,0,0,0,0,0,0,0,0,609729,SCHURZ HS,Carl Schurz High School,2379,318,0.133669609079445,410,0.172341319882304,2269,0.953762084909626,0,0
334,2014,46281,0,0,0,6,5,0,11,10,0,0,0,0,0,0,0,7,7,6,609729,SCHURZ HS,Carl Schurz High School,2302,398,0.1729,408,0.1772,2156,0.9366,0,0
335,2010,46321,0,0,0,8,0,0,8,8,0,0,0,1,0,0,0,0,1,1,609738,LINCOLN PARK HS,Lincoln Park HS,2228,31,0.013913824057451,141,0.063285457809695,1149,0.515709156193896,0,0
336,2011,46321,0,0,0,8,0,0,8,8,0,0,0,1,0,0,0,4,5,5,609738,LINCOLN PARK HS,Lincoln Park High School,2342,39,0.0167,140,0.0598,1344,0.5739,0,0
337,2012,46321,0,0,0,10,0,0,10,9,0,0,0,1,0,0,0,4,5,4,609738,LINCOLN PARK HS,Lincoln Park High School,2233,34,0.0152,155,0.0694,1256,0.5625,0,0
338,2013,46321,0,0,0,9,1,0,10,10,0,0,0,1,0,0,0,7,8,8,609738,LINCOLN PARK HS,Lincoln Park High School,2230,19,0.008520179372197,165,0.073991031390135,1199,0.537668161434978,0,0
339,2014,46321,0,0,0,9,1,0,10,9,0,0,0,1,0,0,0,7,8,7,609738,LINCOLN PARK HS,Lincoln Park High School,2267,53,0.0234,163,0.0719,1321,0.5827,0,0
340,2010,46361,0,0,0,6,0,0,6,6,0,0,0,0,0,0,0,0,0,0,609746,KENWOOD HS,Kenwood HS,1815,21,0.011570247933884,173,0.095316804407714,1410,0.776859504132231,0,0
341,2011,46361,0,0,0,6,0,0,6,6,0,0,0,0,0,0,0,7,7,7,609746,KENWOOD HS,Kenwood Academy High School,1851,17,0.0092,190,0.1026,1460,0.7888,0,0
342,2012,46361,0,0,0,6,5,0,11,11,0,0,0,0,0,0,0,8,8,7,609746,KENWOOD HS,Kenwood Academy High School,1839,16,0.0087,183,0.0995,1391,0.7564,0,0
343,2013,46361,0,0,0,5,3,0,8,8,0,0,0,1,0,0,0,4,5,5,609746,KENWOOD HS,Kenwood Academy High School,1814,16,0.008820286659316,151,0.083241455347299,1313,0.723814773980154,0,0
344,2014,46361,0,0,0,5,3,0,8,8,0,0,0,1,0,0,0,4,5,5,609746,KENWOOD HS,Kenwood Academy High School,1757,16,0.0091,132,0.0751,1268,0.7217,0,0
345,2010,46371,0,0,0,2,0,0,2,2,0,0,0,1,0,0,0,0,1,1,609751,KING HS,King CPHS,936,3,0.003205128205128,90,0.096153846153846,621,0.663461538461538,0,0
346,2011,46371,0,0,0,2,0,0,2,2,0,0,0,1,0,0,0,3,4,4,609751,KING HS,Dr  Martin Luther King  Jr  College Prep HS,919,5,0.0054,87,0.0947,714,0.7769,0,0
347,2012,46371,0,0,0,2,3,0,5,5,0,0,0,0,0,0,0,3,3,3,609751,KING HS,Dr  Martin Luther King  Jr  College Prep HS,879,6,0.0068,75,0.0853,695,0.7907,0,0
348,2013,46371,0,0,0,3,3,0,6,5,0,0,0,0,0,0,0,2,2,2,609751,KING HS,Dr  Martin Luther King  Jr  College Prep HS,804,10,0.012437810945274,76,0.09452736318408,615,0.764925373134328,0,0
349,2014,46371,0,0,0,3,3,0,6,5,0,0,0,0,0,0,0,2,2,2,609751,KING HS,Dr  Martin Luther King  Jr  College Prep HS,739,7,0.0095,62,0.0839,596,0.8065,0,0
350,2010,46381,0,0,0,3,0,0,3,3,0,0,0,0,0,0,0,0,0,0,609760,CARVER MILITARY HS,Carver Mil Acad HS,550,18,0.032727272727273,34,0.061818181818182,531,0.965454545454545,0,0
351,2011,46381,0,0,0,3,0,0,3,3,0,0,0,0,0,0,0,2,2,2,609760,CARVER MILITARY HS,George Washington Carver Military Academy HS,532,17,0.032,43,0.0808,518,0.9737,0,0
352,2012,46381,0,0,0,3,1,0,4,4,0,0,0,0,0,0,0,2,2,2,609760,CARVER MILITARY HS,George Washington Carver Military Academy HS,531,12,0.0226,50,0.0942,518,0.9755,0,0
353,2013,46381,0,0,0,3,1,0,4,4,0,0,0,0,0,0,0,2,2,2,609760,CARVER MILITARY HS,George Washington Carver Military Academy HS,529,13,0.024574669187146,46,0.086956521739131,506,0.956521739130435,0,0
354,2014,46381,0,0,0,3,1,0,4,3,0,0,0,0,0,0,0,2,2,2,609760,CARVER MILITARY HS,George Washington Carver Military Academy HS,504,10,0.0198,40,0.0794,477,0.9464,0,0
355,2010,46401,0,0,0,9,0,0,9,9,0,0,0,3,0,0,0,0,3,3,609762,JULIAN HS,Julian HS,1224,0,0,153,0.125,1094,0.893790849673203,0,0
356,2011,46401,0,0,0,7,0,0,7,7,0,0,0,4,0,0,0,4,8,8,609762,JULIAN HS,Percy L Julian High School,1224,0,0,170,0.1389,1180,0.9641,0,0
357,2012,46401,0,0,0,7,1,0,8,8,0,0,0,0,0,0,0,5,5,4,609762,JULIAN HS,Percy L Julian High School,1167,0,0,178,0.1525,1122,0.9614,0,0
358,2013,46401,0,0,0,7,1,0,8,8,0,0,0,0,0,0,0,4,4,4,609762,JULIAN HS,Percy L Julian High School,1057,1,0.000946073793756,181,0.17123935666982,1014,0.959318826868496,0,0
359,2014,46401,0,0,0,7,1,0,8,8,0,0,0,0,0,0,0,4,4,3,609762,JULIAN HS,Percy L Julian High School,871,1,0.0011,169,0.194,823,0.9449,0,0
360,2010,46421,0,0,0,9,0,0,9,9,0,0,0,0,0,0,0,0,0,0,609764,JUAREZ HS,Juarez HS,1630,210,0.128834355828221,215,0.131901840490798,1550,0.950920245398773,0,0
361,2011,46421,0,0,0,10,0,0,10,9,0,0,0,0,0,0,0,5,5,4,609764,JUAREZ HS,Benito Juarez Community Academy High School,1683,227,0.1349,215,0.1277,1644,0.9768,0,0
362,2012,46421,0,0,0,10,0,0,10,10,0,0,0,0,0,0,0,5,5,4,609764,JUAREZ HS,Benito Juarez Community Academy High School,1790,246,0.1374,238,0.133,1742,0.9732,0,0
363,2013,46421,0,0,0,5,1,0,6,5,0,0,0,0,0,0,0,6,6,6,609764,JUAREZ HS,Benito Juarez Community Academy High School,1684,222,0.131828978622328,235,0.139548693586698,1625,0.964964370546318,0,0
364,2014,46421,0,0,0,5,1,0,6,5,0,0,0,0,0,0,0,6,6,6,609764,JUAREZ HS,Benito Juarez Community Academy High School,1676,238,0.142,247,0.1474,1619,0.966,0,0
365,2010,46431,0,0,0,5,0,0,5,5,0,0,0,0,0,0,0,0,0,0,609691,NORTH-GRAND HS,North-Grand HS,875,103,0.117714285714286,141,0.161142857142857,799,0.913142857142857,0,0
366,2011,46431,0,0,0,5,0,0,5,5,0,0,0,0,0,0,0,2,2,2,609691,NORTH-GRAND HS,North-Grand High School,883,132,0.1495,127,0.1438,844,0.9558,0,0
367,2012,46431,0,0,0,6,1,0,7,6,0,0,0,0,0,0,0,3,3,3,609691,NORTH-GRAND HS,North-Grand High School,904,152,0.1681,141,0.156,871,0.9635,0,0
368,2013,46431,0,0,0,5,1,0,6,6,0,0,0,1,0,0,0,3,4,4,609691,NORTH-GRAND HS,North-Grand High School,910,175,0.192307692307692,159,0.174725274725275,878,0.964835164835165,0,0
369,2014,46431,0,0,0,5,1,0,6,5,0,0,0,1,0,0,0,3,4,4,609691,NORTH-GRAND HS,North-Grand High School,923,198,0.2145,147,0.1593,900,0.9751,0,0
370,2010,46471,0,0,0,4,0,0,4,3,0,0,0,0,0,0,0,0,0,0,610334,RABY HS,Raby HS,558,3,0.005376344086022,92,0.164874551971326,513,0.919354838709677,0,0
371,2011,46471,0,0,0,4,0,0,4,4,0,0,0,0,0,0,0,2,2,2,610334,RABY HS,Al Raby High School,536,5,0.0093,92,0.1716,525,0.9795,0,0
372,2012,46471,0,0,0,4,0,0,4,4,0,0,0,0,0,0,0,2,2,1,610334,RABY HS,Al Raby High School,524,7,0.0134,118,0.2252,487,0.9294,0,0
373,2013,46471,0,0,0,4,0,0,4,4,0,0,0,0,0,0,0,2,2,2,610334,RABY HS,Al Raby High School,513,8,0.015594541910331,124,0.241715399610136,390,0.760233918128655,0,0
374,2014,46471,0,0,0,5,0,0,5,5,0,0,0,0,0,0,0,2,2,2,610334,RABY HS,Al Raby High School,488,7,0.0143,121,0.248,479,0.9816,0,0
375,2010,46541,0,0,0,8,0,0,8,8,0,0,0,0,0,0,0,0,0,0,609703,DUSABLE HIGH,Shabazz Chrt - DuSable,407,0,0,46,0.113022113022113,382,0.938574938574939,0,0
376,2010,47021,0,0,0,1,0,0,1,1,0,0,0,0,0,0,0,0,0,0,609678,JONES HS,Jones CPHS,847,18,0.02125147579693,90,0.106257378984652,442,0.521841794569067,0,0
377,2012,47021,0,0,0,0,2,0,2,2,0,0,0,0,0,0,0,4,4,4,609678,JONES HS,William Jones College Preparatory High School,883,19,0.0215,109,0.1234,425,0.4813,0,0
378,2013,47021,0,0,0,5,2,0,7,7,0,0,0,0,0,0,0,4,4,4,609678,JONES HS,William Jones College Preparatory High School,1124,23,0.020462633451957,118,0.104982206405694,535,0.475978647686833,0,0
379,2014,47021,0,0,0,5,2,0,7,7,0,0,0,0,0,0,0,4,4,4,609678,JONES HS,William Jones College Preparatory High School,1432,33,0.023,126,0.088,648,0.4525,0,0
380,2010,47051,0,0,2,2,0,0,4,4,0,0,0,0,0,0,0,0,0,0,609726,BROOKS HS,Brooks CPHS,765,3,0.003921568627451,52,0.06797385620915,658,0.860130718954248,0,0
381,2011,47051,0,0,2,2,0,0,4,4,0,0,0,0,0,0,0,3,3,3,609726,BROOKS HS,Gwendolyn Brooks College Preparatory Academy HS,781,1,0.0013,51,0.0653,660,0.8451,0,0
382,2012,47051,0,0,2,2,1,0,5,4,0,0,0,0,0,0,0,3,3,2,609726,BROOKS HS,Gwendolyn Brooks College Preparatory Academy HS,745,1,0.0013,58,0.0779,563,0.7557,0,0
383,2013,47051,0,0,2,3,0,0,5,5,0,0,0,0,0,0,0,3,3,3,609726,BROOKS HS,Gwendolyn Brooks College Preparatory Academy HS,783,1,0.001277139208174,41,0.052362707535121,591,0.754789272030651,0,0
384,2014,47051,0,0,2,3,0,0,5,5,0,0,0,0,0,0,0,3,3,3,609726,BROOKS HS,Gwendolyn Brooks College Preparatory Academy HS,790,0,0,43,0.0544,588,0.7443,0,0
385,2010,49081,0,0,0,1,0,0,1,1,0,0,0,0,0,0,0,0,0,0,609766,VAUGHN HS,Vaughn Occp HS,218,66,0.302752293577982,218,1,194,0.889908256880734,0,0
386,2011,49081,0,0,0,1,0,0,1,1,0,0,0,0,0,0,0,1,1,1,609766,VAUGHN HS,Jacqueline B Vaughn Occupational High School,202,65,0.3218,202,1,178,0.8812,0,0
387,2012,49081,0,0,0,0,1,0,1,1,0,0,0,0,0,0,0,2,2,1,609766,VAUGHN HS,Jacqueline B Vaughn Occupational High School,209,67,0.3206,209,1,178,0.8517,0,0
388,2013,49081,0,0,0,1,1,0,2,2,0,0,0,0,0,0,0,1,1,1,609766,VAUGHN HS,Jacqueline B Vaughn Occupational High School,214,78,0.364485981308411,214,1,176,0.822429906542056,0,0
389,2014,49081,0,0,0,1,1,0,2,2,0,0,0,0,0,0,0,1,1,1,609766,VAUGHN HS,Jacqueline B Vaughn Occupational High School,201,63,0.3134,201,1,161,0.801,0,0
390,2010,49091,0,0,0,3,0,0,3,3,0,0,0,0,0,0,0,0,0,0,609768,HOPE HS,Hope CPHS,680,5,0.007352941176471,124,0.182352941176471,652,0.958823529411765,0,0
391,2011,49091,0,0,0,3,0,0,3,3,0,0,0,0,0,0,0,2,2,2,609768,HOPE HS,Hope College Preparatory High School,560,3,0.0054,106,0.1893,551,0.9839,0,0
392,2012,49091,0,0,0,1,2,0,3,2,0,0,0,0,0,0,0,2,2,1,609768,HOPE HS,Hope College Preparatory High School,507,4,0.0079,101,0.1992,496,0.9783,0,0
393,2013,49091,0,0,0,4,2,0,6,6,0,0,0,0,0,0,0,2,2,2,609768,HOPE HS,Hope College Preparatory High School,391,9,0.023017902813299,87,0.222506393861893,386,0.987212276214834,0,0
394,2014,49091,0,0,0,4,2,0,6,5,0,0,0,0,0,0,0,2,2,1,609768,HOPE HS,Hope College Preparatory High School,272,5,0.0184,56,0.2059,271,0.9963,0,0
395,2010,49141,0,0,0,1,0,0,1,1,0,0,0,0,0,0,0,0,0,0,610518,AUSTIN CCA HS,Austin Poly Tech HS,363,0,0,72,0.198347107438017,256,0.705234159779614,0,0
396,2010,49141,0,0,0,1,0,0,1,1,0,0,0,0,0,0,0,0,0,0,610501,AUSTIN POLY HS,Austin Poly Tech HS,363,0,0,72,0.198347107438017,256,0.705234159779614,0,0
397,2010,49151,0,0,0,2,0,0,2,2,0,0,0,0,0,0,0,0,0,0,610502,MARINE MILITARY HS,Marine Math & Sci Mil HS,379,5,0.013192612137203,22,0.058047493403694,351,0.926121372031662,0,0
398,2011,49151,0,0,0,3,0,0,3,2,0,0,0,0,0,0,0,1,1,1,610502,MARINE MILITARY HS,Marine Military Math and Science Academy,367,4,0.0109,28,0.0763,353,0.9619,0,0
399,2012,49151,0,0,0,1,1,0,2,1,0,0,0,0,0,0,0,1,1,1,610502,MARINE MILITARY HS,Marine Military Math and Science Academy,376,5,0.0133,35,0.0931,360,0.9574,0,0
400,2013,49151,0,0,0,1,1,0,2,2,0,0,0,0,0,0,0,2,2,2,610502,MARINE MILITARY HS,Marine Military Math and Science Academy,401,11,0.027431421446384,39,0.097256857855362,387,0.965087281795511,0,0
401,2010,53071,0,0,0,3,0,0,3,3,0,0,0,0,0,0,0,0,0,0,609693,WESTINGHOUSE HS,Westinghouse HS,555,10,0.018018018018018,44,0.079279279279279,458,0.825225225225225,0,0
402,2011,53071,0,0,0,3,0,0,3,2,0,0,0,1,0,0,0,2,3,3,609693,WESTINGHOUSE HS,George Westinghouse High School,828,21,0.0254,60,0.0725,715,0.8635,0,0
403,2012,53071,0,0,0,3,0,0,3,3,0,0,0,1,0,0,0,4,5,4,609693,WESTINGHOUSE HS,George Westinghouse High School,1116,21,0.0188,69,0.0618,935,0.8378,0,0
404,2013,53071,0,0,0,4,1,0,5,5,0,0,0,1,0,0,0,4,5,5,609693,WESTINGHOUSE HS,George Westinghouse College Prep,1125,21,0.018666666666667,71,0.063111111111111,942,0.837333333333333,0,0
405,2014,53071,0,0,0,4,1,0,5,5,0,0,0,1,0,0,0,4,5,4,609693,WESTINGHOUSE HS,George Westinghouse College Prep,1123,20,0.0178,73,0.065,947,0.8433,0,0
406,2010,55011,0,0,0,1,0,0,1,1,0,0,0,0,0,0,0,0,0,0,610304,PHOENIX MILITARY HS,Phoenix Mil Acad HS,432,9,0.020833333333333,37,0.085648148148148,406,0.939814814814815,0,0
407,2011,55011,0,0,0,1,0,0,1,1,0,0,0,0,0,0,0,1,1,1,610304,PHOENIX MILITARY HS,Phoenix Military Academy High School,462,13,0.0281,40,0.0866,434,0.9394,0,0
408,2012,55011,0,0,0,1,0,0,1,1,0,0,0,0,0,0,0,2,2,2,610304,PHOENIX MILITARY HS,Phoenix Military Academy High School,429,7,0.0163,40,0.0932,406,0.9464,0,0
409,2013,55011,0,0,0,2,1,0,3,3,0,0,0,0,0,0,0,2,2,2,610304,PHOENIX MILITARY HS,Phoenix Military Academy High School,497,14,0.028169014084507,50,0.100603621730382,479,0.963782696177062,0,0
410,2014,55011,0,0,0,2,1,0,3,3,0,0,0,0,0,0,0,2,2,2,610304,PHOENIX MILITARY HS,Phoenix Military Academy High School,501,16,0.0319,49,0.0978,479,0.9561,0,0
411,2010,55041,0,0,0,2,0,0,2,2,0,0,0,1,0,0,0,0,1,1,610309,CHGO DISCOVERY HS,Chicago Discovery HS,321,25,0.077881619937695,59,0.183800623052959,292,0.909657320872274,0,0
412,2010,55111,0,0,0,1,0,0,1,1,0,0,0,0,0,0,0,0,0,0,610324,GLOBAL VISIONS HS,Global Visions HS,140,1,0.007142857142857,40,0.285714285714286,136,0.971428571428571,0,0
413,2010,55161,0,0,0,1,0,0,1,1,0,0,0,0,0,0,0,0,0,0,610380,WILLIAMS HS,Williams Prep Med HS,340,2,0.005882352941176,20,0.058823529411765,313,0.920588235294118,0,0
414,2013,55161,0,0,0,6,0,0,6,5,0,0,0,0,0,0,0,1,1,1,610380,WILLIAMS HS,Daniel Hale Williams Prep School of Medicine,300,0,0,17,0.056666666666667,263,0.876666666666667,0,0
415,2014,55161,0,0,0,6,0,0,6,6,0,0,0,0,0,0,0,1,1,1,610380,WILLIAMS HS,Daniel Hale Williams Prep School of Medicine,290,0,0,22,0.0759,278,0.9586,0,0
416,2010,55191,0,0,0,1,0,0,1,1,0,0,0,0,0,0,0,0,0,0,610381,BRONZEVILLE HS,Bronzeville Mil HS,551,0,0,46,0.083484573502722,513,0.931034482758621,0,0
417,2011,55191,0,0,0,1,0,0,1,1,0,0,0,0,0,0,0,2,2,1,610381,BRONZEVILLE HS,Bronzeville Scholastic Academy High School,552,2,0.0036,45,0.0815,523,0.9475,0,0
418,2012,55191,0,0,0,1,0,0,1,1,0,0,0,0,0,0,0,2,2,2,610381,BRONZEVILLE HS,Bronzeville Scholastic Academy High School,529,2,0.0038,43,0.0813,503,0.9509,0,0
419,2013,55191,0,0,0,1,0,0,1,1,0,0,0,0,0,0,0,2,2,2,610381,BRONZEVILLE HS,Bronzeville Scholastic Academy High School,516,4,0.007751937984496,55,0.106589147286822,472,0.914728682170543,0,0
420,2014,55191,0,0,0,1,0,0,1,1,0,0,0,0,0,0,0,2,2,2,610381,BRONZEVILLE HS,Bronzeville Scholastic Academy High School,487,7,0.0144,66,0.1355,465,0.9548,0,0
421,2010,63081,0,0,0,3,0,0,3,3,0,0,0,0,0,0,0,0,0,0,400094,EPIC HS,EPIC Acad HS,259,9,0.034749034749035,40,0.154440154440154,241,0.93050193050193,0,0
422,2011,63081,0,0,0,1,0,0,1,1,0,0,0,0,0,0,0,0,0,0,400094,EPIC HS,EPIC Academy High School,364,22,0.0604,56,0.1538,353,0.9698,0,0
423,2012,63081,0,0,0,1,0,0,1,1,0,0,0,0,0,0,0,0,0,0,400094,EPIC HS,EPIC Academy High School,487,39,0.0801,90,0.1848,473,0.9713,0,0
424,2013,63081,0,0,0,1,0,0,1,1,0,0,0,0,0,0,0,0,0,0,400094,EPIC HS,EPIC Academy High School,493,37,0.075050709939148,95,0.192697768762677,470,0.953346855983773,0,0
425,2014,63081,0,0,0,1,0,0,1,1,0,0,0,0,0,0,0,0,0,0,400094,EPIC HS,EPIC Academy High School,421,56,0.133,76,0.1805,405,0.962,0,0
426,2010,66021,0,0,0,5,0,0,5,5,0,0,0,0,0,0,0,0,0,0,609736,DYETT HS,Dyett HS,431,0,0,96,0.222737819025522,389,0.902552204176334,0,0
427,2011,66021,0,0,0,5,0,0,5,5,0,0,0,0,0,0,0,2,2,2,609736,DYETT HS,Dyett High School,318,0,0,76,0.239,308,0.9686,0,0
428,2012,66021,0,0,0,7,0,0,7,5,0,0,0,0,0,0,0,1,1,0,609736,DYETT HS,Dyett High School,168,0,0,40,0.2381,158,0.9405,0,0
429,2013,66021,0,0,0,5,0,0,5,5,0,0,0,0,0,0,0,1,1,1,609736,DYETT HS,Dyett High School,83,0,0,23,0.27710843373494,79,0.951807228915663,0,0
430,2014,66021,0,0,0,5,0,0,5,2,0,0,0,0,0,0,0,1,1,1,609736,DYETT HS,Dyett High School,13,0,0,5,0.3846,13,1,0,0
431,2012,25451,0,0,0,0,1,0,1,1,0,0,0,0,0,0,0,1,1,0,610357,SPRY HS,Spry Community Links High School,193,23,0.1192,25,0.1295,191,0.9896,0,0
432,2013,25451,0,0,0,0,1,0,1,1,0,0,0,0,0,0,0,1,1,1,610357,SPRY HS,Spry Community Links High School,189,28,0.148148148148148,23,0.121693121693122,186,0.984126984126984,0,0
433,2014,25451,0,0,0,0,1,0,1,1,0,0,0,0,0,0,0,1,1,1,610357,SPRY HS,Spry Community Links High School,183,43,0.235,31,0.1694,180,0.9836,0,0
434,2013,29411,0,0,0,1,0,0,1,1,0,0,0,1,0,0,0,1,2,2,400040,FRAZIER CHARTER,Frazier Preparatory Academy Elementary School,456,0,0,21,0.046052631578947,413,0.905701754385965,0,0
435,2014,29411,0,0,0,2,0,0,2,1,0,0,0,1,0,0,0,1,2,2,400040,FRAZIER CHARTER,Frazier Preparatory Academy Elementary School,406,0,0,35,0.0862,395,0.9729,0,0
436,2013,49131,0,0,0,3,2,0,5,5,0,0,0,0,0,0,0,3,3,3,610499,COLLINS HS,Collins Academy High School,384,2,0.005208333333333,71,0.184895833333333,374,0.973958333333333,0,0
437,2014,49131,0,0,0,3,2,0,5,5,0,0,0,0,0,0,0,2,2,1,610499,COLLINS HS,Collins Academy High School,419,1,0.0024,84,0.2005,413,0.9857,0,0
438,2013,49161,0,0,0,4,1,0,5,5,0,0,0,0,0,0,0,1,1,1,610506,TEAM HS,TEAM Englewood Community Academy High School,407,1,0.002457002457002,72,0.176904176904177,342,0.84029484029484,0,0
439,2014,49161,0,0,0,4,1,0,5,5,0,0,0,0,0,0,0,1,1,1,610506,TEAM HS,TEAM Englewood Community Academy High School,378,0,0,81,0.2143,370,0.9788,0,0
440,2013,63051,0,0,0,1,0,0,1,1,0,0,0,0,0,0,0,0,0,0,400022,CHIARTS HS,Chicago High School for the Arts,575,1,0.001739130434783,48,0.083478260869565,276,0.48,0,0
441,2014,63051,0,0,0,1,0,0,1,1,0,0,0,0,0,0,0,0,0,0,400022,CHIARTS HS,Chicago High School for the Arts,577,6,0.0104,48,0.0832,296,0.513,0,0
442,2013,66411,0,0,0,1,0,0,1,1,0,0,0,0,0,0,0,2,2,2,400018,AUSTIN BUS & ENTRP HS,Austin Business and Entrepreneurship Academy HS,186,0,0,42,0.225806451612903,178,0.956989247311828,0,0
443,2014,66411,0,0,0,1,0,0,1,1,0,0,0,0,0,0,0,2,2,2,400018,AUSTIN BUS & ENTRP HS,Austin Business and Entrepreneurship Academy HS,150,1,0.0067,37,0.2467,148,0.9867,0,0
0,2015,22041,0,0,0,2,0,0,2,2,0,0,0,0,0,0,0,3,3,3,610524,0,Louisa May Alcott College Preparatory HS,308,28,0.0909,59,0.1916,251,0.8149,0,0
1,2015,23391,0,0,0,2,0,0,2,2,0,0,0,0,0,0,0,1,1,1,609769,0,Ray Graham Training Center High School,132,38,0.2879,132,1,124,0.9394,0,0
2,2015,24101,0,0,0,2,0,0,2,2,0,0,0,0,0,0,0,1,1,1,610029,0,Rodolfo Lozano Bilingual & International Ctr ES,253,114,0.4506,70,0.2767,219,0.8656,0,0
3,2015,24731,0,0,0,3,1,0,4,4,0,0,0,0,0,0,0,3,3,3,610529,0,Ogden International High School,717,22,0.0307,78,0.1088,350,0.4881,0,0
4,2015,25151,0,0,0,3,0,0,3,2,0,0,0,0,0,0,0,1,1,1,610148,0,Cesar E Chavez Multicultural Academic Center ES,983,464,0.472,98,0.0997,939,0.9552,0,0
5,2015,25301,0,0,0,1,0,0,1,1,0,0,0,0,0,0,0,1,1,1,610167,0,William H Seward Communication Arts Academy ES,796,334,0.4196,77,0.0967,726,0.9121,0,0
6,2015,25451,0,0,0,0,1,0,1,1,0,0,0,0,0,0,0,1,1,1,610357,0,Spry Community Links High School,173,37,0.2139,31,0.1792,168,0.9711,0,0
7,2015,26861,0,0,0,1,2,0,3,3,0,0,0,0,0,0,0,1,1,1,610394,0,Uplift Community High School,311,27,0.0868,86,0.2765,296,0.9518,0,0
8,2015,29411,0,0,0,1,0,0,1,1,0,0,0,1,0,0,0,1,2,2,400040,0,Frazier Preparatory Academy Charter School,428,0,0,43,0.1005,401,0.9369,0,0
9,2015,31121,0,0,0,1,0,0,1,1,0,0,0,0,0,0,0,1,1,1,609987,0,Thomas A Hendricks Elementary Community Academy,245,8,0.0327,61,0.249,226,0.9224,0,0
10,2015,41051,0,0,0,7,2,0,9,9,0,0,0,3,0,0,0,1,4,4,610244,0,Michele Clark Academic Prep Magnet High School,524,0,0,60,0.1145,506,0.9656,0,0
11,2015,41061,0,0,0,3,0,0,3,3,0,0,0,0,0,0,0,1,1,1,610245,0,Frederick A Douglass Academy High School,234,2,0.0085,68,0.2906,214,0.9145,0,0
12,2015,45221,0,0,0,2,0,0,2,2,0,0,0,0,0,0,0,3,3,3,610390,0,Hyman G Rickover Naval Academy High School,577,19,0.0329,56,0.0971,506,0.8769,0,0
13,2015,45231,0,0,0,2,1,0,3,2,0,0,0,0,0,0,0,2,2,2,610513,0,Air Force Academy High School,328,7,0.0213,45,0.1372,289,0.8811,0,0
14,2015,46021,0,0,0,5,0,0,5,5,0,0,0,0,0,0,0,3,3,3,609694,0,John Hancock College Preparatory High School,905,56,0.0619,78,0.0862,843,0.9315,0,0
15,2015,46031,0,0,0,6,0,0,6,6,0,0,0,1,0,0,0,3,4,4,609695,0,Roald Amundsen High School,1141,125,0.1096,142,0.1245,1022,0.8957,0,0
16,2015,46041,0,0,0,5,3,0,8,8,0,0,0,0,0,0,0,2,2,2,609698,0,William J Bogan High School,856,82,0.0958,199,0.2325,771,0.9007,0,0
17,2015,46061,0,0,0,4,1,0,5,5,0,0,0,2,0,0,0,4,6,6,609749,0,Northside College Preparatory High School,1056,13,0.0123,63,0.0597,449,0.4252,0,0
18,2015,46121,0,0,0,5,0,0,5,5,0,0,0,1,0,0,0,1,2,2,609707,0,Paul Robeson High School,204,0,0,63,0.3088,202,0.9902,0,0
19,2015,46131,0,0,0,2,9,0,11,11,0,0,0,2,0,0,0,3,5,5,609708,0,Edwin G Foreman High School,1045,220,0.2105,187,0.1789,985,0.9426,0,0
20,2015,46141,0,0,0,5,2,0,7,7,0,0,0,0,0,0,0,1,1,1,609709,0,Gage Park High School,406,76,0.1872,76,0.1872,389,0.9581,0,0
21,2015,46151,0,0,0,8,2,0,10,10,0,0,0,0,0,0,0,2,2,2,609711,0,William Rainey Harper High School,253,2,0.0079,65,0.2569,248,0.9802,0,0
22,2015,46171,0,0,0,7,1,0,8,8,0,0,0,0,0,0,0,2,2,2,609713,0,Hyde Park Academy High School,807,3,0.0037,142,0.176,771,0.9554,0,0
23,2015,46181,0,0,0,6,3,0,9,9,0,0,0,3,0,0,0,8,11,11,609715,0,Thomas Kelly High School,2248,474,0.2109,315,0.1401,2125,0.9453,0,0
24,2015,46191,0,0,0,6,0,0,6,6,0,0,0,1,0,0,0,2,3,3,609716,0,Kelvyn Park High School,711,170,0.2391,115,0.1617,676,0.9508,0,0
25,2015,46201,0,0,0,12,1,0,13,13,0,0,0,0,0,0,0,4,4,4,609718,0,John F Kennedy High School,1629,114,0.07,289,0.1774,1337,0.8207,0,0
26,2015,46211,0,0,0,7,0,0,7,7,0,0,0,1,0,0,0,4,5,5,609719,0,Lake View High School,1289,60,0.0465,189,0.1466,1091,0.8464,0,0
27,2015,46221,0,0,0,11,1,0,12,11,0,0,0,0,0,0,0,10,10,10,609720,0,Albert G Lane Technical High School,4055,24,0.0059,183,0.0451,2280,0.5623,0,0
28,2015,46241,0,0,0,7,0,0,7,7,0,0,0,0,0,0,0,4,4,4,609724,0,Stephen T Mather High School,1576,369,0.2341,169,0.1072,1384,0.8782,0,0
29,2015,46251,0,0,0,6,4,0,10,10,0,0,0,0,0,0,0,4,4,3,609725,0,Morgan Park High School,1431,5,0.0035,137,0.0957,1207,0.8435,0,0
30,2015,46261,0,0,0,6,1,0,7,7,0,0,0,1,0,0,0,3,4,4,609727,0,Wendell Phillips Academy High School,643,5,0.0078,123,0.1913,597,0.9285,0,0
31,2015,46271,0,0,0,8,0,0,8,8,0,0,0,0,0,0,0,3,3,3,609728,0,Theodore Roosevelt High School,1182,304,0.2572,232,0.1963,1094,0.9255,0,0
32,2015,46281,0,0,0,4,6,0,10,10,0,0,0,1,0,0,0,5,6,6,609729,0,Carl Schurz High School,2002,347,0.1733,382,0.1908,1837,0.9176,0,0
33,2015,46291,0,0,0,4,9,0,13,12,0,0,0,0,0,0,0,5,5,5,609732,0,Charles P Steinmetz College Preparatory HS,1545,230,0.1489,272,0.1761,1395,0.9029,0,0
34,2015,46301,0,0,0,4,1,0,5,5,0,0,0,0,0,0,0,2,2,2,609733,0,Roger C Sullivan High School,563,178,0.3162,136,0.2416,511,0.9076,0,0
35,2015,46321,0,0,0,9,1,0,10,9,0,0,0,1,0,0,0,7,8,8,609738,0,Lincoln Park High School,2114,47,0.0222,170,0.0804,1239,0.5861,0,0
36,2015,46331,0,0,0,10,1,0,11,11,0,0,0,0,0,0,0,4,4,4,609739,0,George Washington High School,1433,129,0.09,203,0.1417,1297,0.9051,0,0
37,2015,46341,0,0,0,10,1,0,11,10,0,0,0,0,0,0,0,4,4,4,609741,0,Gurdon S Hubbard High School,1705,243,0.1425,220,0.129,1621,0.9507,0,0
38,2015,46361,0,0,0,7,3,0,10,10,0,0,0,0,0,0,0,4,4,4,609746,0,Kenwood Academy High School,1724,9,0.0052,98,0.0568,1173,0.6804,0,0
39,2015,46371,0,0,0,3,3,0,6,6,0,0,0,0,0,0,0,1,1,1,609751,0,Dr  Martin Luther King  Jr  College Prep HS,695,12,0.0173,64,0.0921,587,0.8446,0,0
40,2015,46381,0,0,0,3,1,0,4,4,0,0,0,0,0,0,0,1,1,1,609760,0,George Washington Carver Military Academy HS,490,16,0.0327,29,0.0592,451,0.9204,0,0
41,2015,46391,0,0,0,6,0,0,6,6,0,0,0,0,0,0,0,1,1,1,609761,0,George H Corliss High School,419,3,0.0072,113,0.2697,392,0.9356,0,0
42,2015,46401,0,0,0,5,1,0,6,6,0,0,0,0,0,0,0,3,3,3,609762,0,Percy L Julian High School,720,1,0.0014,136,0.1889,676,0.9389,0,0
43,2015,46421,0,0,0,5,1,0,6,6,0,0,0,1,0,0,0,5,6,6,609764,0,Benito Juarez Community Academy High School,1686,262,0.1554,256,0.1518,1623,0.9626,0,0
44,2015,46431,0,0,0,4,2,0,6,5,0,0,0,1,0,0,0,3,4,4,609691,0,North-Grand High School,978,209,0.2137,169,0.1728,932,0.953,0,0
45,2015,46471,0,0,0,4,0,0,4,4,0,0,0,0,0,0,0,3,3,2,610334,0,Al Raby High School,479,11,0.023,141,0.2944,468,0.977,0,0
46,2015,46481,0,0,0,3,0,0,3,2,0,0,0,1,0,0,0,2,3,3,610340,0,Chicago Academy High School,542,37,0.0683,98,0.1808,450,0.8303,0,0
47,2015,46511,0,0,0,4,1,0,5,5,0,0,0,1,0,0,0,5,6,4,610391,0,Robert Lindblom Math & Science Academy HS,1254,10,0.008,68,0.0542,838,0.6683,0,0
48,2015,47021,0,0,0,7,2,0,9,9,0,0,0,0,0,0,0,7,7,7,609678,0,William Jones College Preparatory High School,1670,24,0.0144,132,0.079,729,0.4365,0,0
49,2015,47031,0,0,0,3,0,0,3,3,0,0,0,0,0,0,0,1,1,1,609712,0,Emil G Hirsch Metropolitan High School,150,0,0,55,0.3667,137,0.9133,0,0
50,2015,47041,0,0,0,7,0,0,7,7,0,0,0,0,0,0,0,1,1,1,609723,0,John Marshall Metropolitan High School,425,2,0.0047,105,0.2471,380,0.8941,0,0
51,2015,47051,0,0,2,5,0,0,7,7,0,0,0,0,0,0,0,3,3,3,609726,0,Gwendolyn Brooks College Preparatory Academy HS,836,1,0.0012,55,0.0658,608,0.7273,0,0
52,2015,47061,0,0,0,3,2,0,5,5,0,0,0,1,0,0,0,5,6,6,609730,0,Nicholas Senn High School,1365,194,0.1421,188,0.1377,1130,0.8278,0,0
53,2015,47081,0,0,0,6,1,0,7,7,0,0,0,1,0,0,0,5,6,6,609737,0,Friedrich W von Steuben Metropolitan Science HS,1657,34,0.0205,106,0.064,1298,0.7833,0,0
54,2015,47101,0,0,0,4,3,0,7,7,0,0,0,0,0,0,0,7,7,7,609755,0,Whitney M Young Magnet High School,2157,32,0.0148,147,0.0682,932,0.4321,0,0
55,2015,49031,0,0,0,1,1,0,2,2,0,0,0,0,0,0,0,1,1,1,609745,0,Southside Occupational Academy High School,222,33,0.1486,222,1,198,0.8919,0,0
56,2015,49081,0,0,0,1,1,0,2,2,0,0,0,0,0,0,0,1,1,1,609766,0,Jacqueline B Vaughn Occupational High School,193,71,0.3679,193,1,155,0.8031,0,0
57,2015,49091,0,0,0,4,1,0,5,5,0,0,0,1,0,0,0,1,2,2,609768,0,Hope College Preparatory High School,199,11,0.0553,61,0.3065,196,0.9849,0,0
58,2015,49131,0,0,0,4,2,0,6,5,0,0,0,0,0,0,0,1,1,1,610499,0,Collins Academy High School,355,1,0.0028,74,0.2085,349,0.9831,0,0
59,2015,49161,0,0,0,4,1,0,5,5,0,0,0,0,0,0,0,1,1,1,610506,0,TEAM Englewood Community Academy High School,272,0,0,53,0.1949,230,0.8456,0,0
60,2015,51021,0,0,0,7,1,0,8,8,0,0,0,0,0,0,0,2,2,2,609710,0,John M Harlan Community Academy High School,613,0,0,125,0.2039,570,0.9299,0,0
61,2015,51071,0,0,0,4,0,0,4,4,0,0,0,0,0,0,0,2,2,2,609740,0,Wells Community Academy High School,461,55,0.1193,117,0.2538,440,0.9544,0,0
62,2015,51091,0,0,0,6,4,0,10,10,0,0,0,0,0,0,0,3,3,3,609759,0,Roberto Clemente Community Academy High School,766,84,0.1097,181,0.2363,729,0.9517,0,0
63,2015,53011,0,0,0,4,4,0,8,8,0,0,0,1,0,0,0,2,3,3,609674,0,Chicago Vocational Career Academy High School,978,9,0.0092,254,0.2597,914,0.9346,0,0
64,2015,53021,0,0,0,5,1,0,6,6,0,0,0,0,0,0,0,2,2,2,609676,0,Paul Laurence Dunbar Career Academy High School,761,6,0.0079,165,0.2168,734,0.9645,0,0
65,2015,53041,0,0,0,5,3,0,8,8,0,0,0,1,0,0,0,4,5,5,609679,0,Charles Allen Prosser Career Academy High School,1455,86,0.0591,165,0.1134,1382,0.9498,0,0
66,2015,53051,0,0,1,3,1,0,5,5,0,0,0,0,0,0,0,1,1,1,609682,0,Ellen H Richards Career Academy High School,276,63,0.2283,72,0.2609,260,0.942,0,0
67,2015,53061,0,0,0,8,4,0,12,9,0,0,0,0,0,0,0,1,1,1,609692,0,Neal F Simeon Career Academy High School,1363,1,0.0007,112,0.0822,1223,0.8973,0,0
68,2015,53071,0,0,0,4,1,0,5,5,0,0,0,1,0,0,0,3,4,2,609693,0,George Westinghouse College Prep,1176,29,0.0247,79,0.0672,1007,0.8563,0,0
69,2015,53091,0,0,0,2,8,0,10,10,0,0,0,2,0,0,0,3,5,5,609704,0,David G Farragut Career Academy High School,916,250,0.2729,188,0.2052,889,0.9705,0,0
70,2015,53101,0,0,0,7,5,0,12,12,0,0,0,6,0,0,0,9,15,15,609756,0,Marie Sklodowska Curie Metropolitan High School,3050,275,0.0902,303,0.0993,2869,0.9407,0,0
71,2015,53111,0,0,0,3,1,0,4,4,0,0,0,0,0,0,0,1,1,1,609722,0,Manley Career Academy High School,248,2,0.0081,65,0.2621,234,0.9435,0,0
72,2015,53121,0,0,0,6,1,0,7,7,0,0,0,0,0,0,0,1,1,1,609735,0,Edward Tilden Career Community Academy HS,311,15,0.0482,122,0.3923,298,0.9582,0,0
73,2015,55011,0,0,0,3,1,0,4,4,0,0,0,0,0,0,0,2,2,2,610304,0,Phoenix Military Academy High School,520,13,0.025,41,0.0788,497,0.9558,0,0
74,2015,55161,0,0,0,6,0,0,6,6,0,0,0,0,0,0,0,1,1,1,610380,0,Daniel Hale Williams Prep School of Medicine,265,0,0,27,0.1019,255,0.9623,0,0
75,2015,55191,0,0,0,1,0,0,1,1,0,0,0,0,0,0,0,2,2,2,610381,0,Bronzeville Scholastic Academy High School,448,8,0.0179,62,0.1384,418,0.933,0,0
76,2015,63051,0,0,0,2,1,0,3,3,0,0,0,0,0,0,0,0,0,0,400022,0,Chicago High School for the Arts,605,3,0.005,42,0.0694,331,0.5471,0,0
77,2015,66112,0,0,0,1,0,0,1,1,0,0,0,0,0,0,0,0,0,0,400077,0,University of Chicago - Woodlawn,641,2,0.0031,105,0.1638,539,0.8409,0,0
78,2015,70020,0,0,0,3,1,0,4,4,0,0,0,0,0,0,0,6,6,5,609680,0,Walter Payton College Preparatory High School,887,5,0.0056,54,0.0609,279,0.3145,0,0
79,2015,70070,0,0,0,2,2,0,4,4,0,0,0,0,0,0,0,2,2,2,609754,0,Chicago Military Academy High School,326,6,0.0184,37,0.1135,294,0.9018,0,0
